epoch,iso_utc,http_code,latency_ms,success,curl_exit,error
1771618235,2026-02-20T20:10:35Z,200,357.353,1,0,
1771618241,2026-02-20T20:10:41Z,200,485.078,1,0,
1771618246,2026-02-20T20:10:46Z,200,702.333,1,0,
1771618252,2026-02-20T20:10:52Z,200,215.317,1,0,
1771618258,2026-02-20T20:10:58Z,200,550.706,1,0,
1771618263,2026-02-20T20:11:03Z,200,701.175,1,0,
1771618269,2026-02-20T20:11:09Z,200,442.605,1,0,
1771618275,2026-02-20T20:11:15Z,200,224.151,1,0,
1771618280,2026-02-20T20:11:20Z,200,972.816,1,0,
1771618286,2026-02-20T20:11:26Z,200,330.929,1,0,
1771618292,2026-02-20T20:11:32Z,200,276.456,1,0,
1771618297,2026-02-20T20:11:37Z,200,396.637,1,0,
1771618303,2026-02-20T20:11:43Z,200,234.425,1,0,
1771618308,2026-02-20T20:11:48Z,200,222.288,1,0,
1771618314,2026-02-20T20:11:54Z,200,358.214,1,0,
1771618319,2026-02-20T20:11:59Z,200,245.517,1,0,
1771618325,2026-02-20T20:12:05Z,200,391.745,1,0,
1771618331,2026-02-20T20:12:11Z,200,787.885,1,0,
1771618337,2026-02-20T20:12:17Z,200,980.430,1,0,
1771618343,2026-02-20T20:12:23Z,200,244.300,1,0,
1771618348,2026-02-20T20:12:28Z,200,673.610,1,0,
1771618354,2026-02-20T20:12:34Z,200,270.805,1,0,
1771618359,2026-02-20T20:12:40Z,200,334.325,1,0,
1771618365,2026-02-20T20:12:45Z,200,509.388,1,0,
1771618371,2026-02-20T20:12:51Z,200,369.752,1,0,
1771618376,2026-02-20T20:12:56Z,200,349.541,1,0,
1771618382,2026-02-20T20:13:02Z,200,485.958,1,0,
1771618388,2026-02-20T20:13:08Z,200,408.231,1,0,
1771618393,2026-02-20T20:13:13Z,200,446.414,1,0,
1771618399,2026-02-20T20:13:19Z,200,246.660,1,0,
1771618404,2026-02-20T20:13:24Z,200,265.857,1,0,
1771618410,2026-02-20T20:13:30Z,200,391.790,1,0,
1771618415,2026-02-20T20:13:35Z,200,184.725,1,0,
1771618421,2026-02-20T20:13:41Z,200,418.203,1,0,
1771618427,2026-02-20T20:13:47Z,200,320.391,1,0,
1771618432,2026-02-20T20:13:52Z,200,175.365,1,0,
1771618437,2026-02-20T20:13:57Z,200,607.487,1,0,
1771618443,2026-02-20T20:14:03Z,200,664.811,1,0,
1771618450,2026-02-20T20:14:10Z,200,890.420,1,0,
1771618456,2026-02-20T20:14:16Z,200,673.798,1,0,
1771618462,2026-02-20T20:14:22Z,200,305.830,1,0,
1771618468,2026-02-20T20:14:28Z,200,360.809,1,0,
1771618473,2026-02-20T20:14:33Z,200,193.948,1,0,
1771618479,2026-02-20T20:14:39Z,200,240.333,1,0,
1771618485,2026-02-20T20:14:45Z,200,365.097,1,0,
1771618490,2026-02-20T20:14:50Z,200,468.567,1,0,
1771618496,2026-02-20T20:14:56Z,200,480.096,1,0,
1771618502,2026-02-20T20:15:02Z,200,1024.689,1,0,
1771618509,2026-02-20T20:15:09Z,200,755.632,1,0,
1771618515,2026-02-20T20:15:15Z,200,355.300,1,0,
1771618520,2026-02-20T20:15:20Z,200,301.167,1,0,
1771618526,2026-02-20T20:15:26Z,200,282.055,1,0,
1771618531,2026-02-20T20:15:31Z,200,483.731,1,0,
1771618537,2026-02-20T20:15:37Z,200,762.405,1,0,
1771618543,2026-02-20T20:15:43Z,200,388.165,1,0,
1771618549,2026-02-20T20:15:49Z,200,252.939,1,0,
1771618554,2026-02-20T20:15:54Z,200,415.575,1,0,
1771618560,2026-02-20T20:16:00Z,200,578.160,1,0,
1771618566,2026-02-20T20:16:06Z,200,300.507,1,0,
1771618571,2026-02-20T20:16:11Z,200,857.126,1,0,
1771618577,2026-02-20T20:16:17Z,200,213.459,1,0,
1771618582,2026-02-20T20:16:22Z,200,363.714,1,0,
1771618588,2026-02-20T20:16:28Z,200,584.109,1,0,
1771618594,2026-02-20T20:16:34Z,200,810.698,1,0,
1771618600,2026-02-20T20:16:40Z,200,190.702,1,0,
1771618605,2026-02-20T20:16:45Z,200,218.630,1,0,
1771618611,2026-02-20T20:16:51Z,200,415.444,1,0,
1771618616,2026-02-20T20:16:56Z,200,356.525,1,0,
1771618622,2026-02-20T20:17:02Z,200,552.020,1,0,
1771618627,2026-02-20T20:17:08Z,200,494.181,1,0,
1771618633,2026-02-20T20:17:13Z,200,253.305,1,0,
1771618639,2026-02-20T20:17:19Z,200,328.025,1,0,
1771618644,2026-02-20T20:17:24Z,200,314.281,1,0,
1771618650,2026-02-20T20:17:30Z,200,395.602,1,0,
1771618655,2026-02-20T20:17:35Z,200,401.118,1,0,
1771618661,2026-02-20T20:17:41Z,200,274.794,1,0,
1771618666,2026-02-20T20:17:46Z,200,611.097,1,0,
1771618672,2026-02-20T20:17:52Z,200,2344.305,1,0,
1771618680,2026-02-20T20:18:00Z,200,299.792,1,0,
1771618685,2026-02-20T20:18:05Z,200,341.823,1,0,
1771618691,2026-02-20T20:18:11Z,200,559.021,1,0,
1771618697,2026-02-20T20:18:17Z,200,308.904,1,0,
1771618702,2026-02-20T20:18:22Z,200,202.546,1,0,
1771618708,2026-02-20T20:18:28Z,200,277.584,1,0,
1771618713,2026-02-20T20:18:33Z,200,238.755,1,0,
1771618718,2026-02-20T20:18:38Z,200,409.640,1,0,
1771618724,2026-02-20T20:18:44Z,200,870.625,1,0,
1771618730,2026-02-20T20:18:50Z,200,474.578,1,0,
1771618736,2026-02-20T20:18:56Z,200,286.721,1,0,
1771618741,2026-02-20T20:19:01Z,200,218.009,1,0,
1771618747,2026-02-20T20:19:07Z,200,198.400,1,0,
1771618752,2026-02-20T20:19:12Z,200,341.305,1,0,
1771618758,2026-02-20T20:19:18Z,200,257.251,1,0,
1771618763,2026-02-20T20:19:23Z,200,1046.891,1,0,
1771618769,2026-02-20T20:19:29Z,200,510.413,1,0,
1771618775,2026-02-20T20:19:35Z,200,538.283,1,0,
1771618781,2026-02-20T20:19:41Z,200,397.840,1,0,
1771618787,2026-02-20T20:19:47Z,200,370.610,1,0,
1771618792,2026-02-20T20:19:52Z,200,352.618,1,0,
1771618798,2026-02-20T20:19:58Z,200,359.017,1,0,
1771618803,2026-02-20T20:20:03Z,200,746.454,1,0,
1771618809,2026-02-20T20:20:09Z,200,260.017,1,0,
1771618815,2026-02-20T20:20:15Z,200,279.278,1,0,
1771618820,2026-02-20T20:20:20Z,200,552.060,1,0,
1771618826,2026-02-20T20:20:26Z,200,297.099,1,0,
1771618832,2026-02-20T20:20:32Z,200,371.050,1,0,
1771618837,2026-02-20T20:20:37Z,200,487.189,1,0,
1771618843,2026-02-20T20:20:43Z,200,571.461,1,0,
1771618849,2026-02-20T20:20:49Z,200,603.143,1,0,
1771618855,2026-02-20T20:20:55Z,200,349.452,1,0,
1771618861,2026-02-20T20:21:01Z,200,889.608,1,0,
1771618867,2026-02-20T20:21:07Z,200,280.825,1,0,
1771618872,2026-02-20T20:21:12Z,200,871.145,1,0,
1771618879,2026-02-20T20:21:19Z,200,249.950,1,0,
1771618884,2026-02-20T20:21:24Z,200,199.481,1,0,
1771618889,2026-02-20T20:21:29Z,200,279.987,1,0,
1771618895,2026-02-20T20:21:35Z,200,448.007,1,0,
1771618901,2026-02-20T20:21:41Z,200,253.538,1,0,
1771618906,2026-02-20T20:21:46Z,200,366.739,1,0,
1771618912,2026-02-20T20:21:52Z,200,235.039,1,0,
1771618917,2026-02-20T20:21:57Z,200,339.618,1,0,
1771618923,2026-02-20T20:22:03Z,200,836.190,1,0,
1771618929,2026-02-20T20:22:09Z,200,405.071,1,0,
1771618934,2026-02-20T20:22:14Z,200,629.787,1,0,
1771618940,2026-02-20T20:22:20Z,200,466.958,1,0,
1771618946,2026-02-20T20:22:26Z,200,544.926,1,0,
1771618952,2026-02-20T20:22:32Z,200,629.366,1,0,
1771618958,2026-02-20T20:22:38Z,200,346.716,1,0,
1771618963,2026-02-20T20:22:43Z,200,479.986,1,0,
1771618969,2026-02-20T20:22:49Z,200,444.578,1,0,
1771618975,2026-02-20T20:22:55Z,200,504.585,1,0,
1771618980,2026-02-20T20:23:00Z,200,856.987,1,0,
1771618986,2026-02-20T20:23:06Z,200,418.138,1,0,
1771618992,2026-02-20T20:23:12Z,200,489.182,1,0,
1771618998,2026-02-20T20:23:18Z,200,356.606,1,0,
1771619003,2026-02-20T20:23:23Z,200,449.148,1,0,
1771619009,2026-02-20T20:23:29Z,200,475.297,1,0,
1771619015,2026-02-20T20:23:35Z,200,425.092,1,0,
1771619020,2026-02-20T20:23:40Z,200,269.461,1,0,
1771619026,2026-02-20T20:23:46Z,200,358.370,1,0,
1771619031,2026-02-20T20:23:51Z,200,305.198,1,0,
1771619037,2026-02-20T20:23:57Z,200,256.876,1,0,
1771619042,2026-02-20T20:24:02Z,200,310.524,1,0,
1771619048,2026-02-20T20:24:08Z,200,300.966,1,0,
1771619054,2026-02-20T20:24:14Z,200,946.630,1,0,
1771619060,2026-02-20T20:24:20Z,200,740.292,1,0,
1771619066,2026-02-20T20:24:26Z,200,298.662,1,0,
1771619071,2026-02-20T20:24:31Z,200,301.436,1,0,
1771619077,2026-02-20T20:24:37Z,200,183.022,1,0,
1771619082,2026-02-20T20:24:42Z,200,492.393,1,0,
1771619088,2026-02-20T20:24:48Z,200,599.784,1,0,
1771619094,2026-02-20T20:24:54Z,200,646.464,1,0,
1771619099,2026-02-20T20:24:59Z,200,1439.460,1,0,
1771619106,2026-02-20T20:25:06Z,200,441.483,1,0,
1771619112,2026-02-20T20:25:12Z,200,313.385,1,0,
1771619118,2026-02-20T20:25:18Z,200,1130.715,1,0,
1771619124,2026-02-20T20:25:24Z,200,1252.498,1,0,
1771619130,2026-02-20T20:25:30Z,200,367.435,1,0,
1771619136,2026-02-20T20:25:36Z,200,603.749,1,0,
1771619142,2026-02-20T20:25:42Z,200,339.250,1,0,
1771619147,2026-02-20T20:25:47Z,200,252.513,1,0,
1771619153,2026-02-20T20:25:53Z,200,1208.342,1,0,
1771619159,2026-02-20T20:25:59Z,200,278.103,1,0,
1771619165,2026-02-20T20:26:05Z,200,694.747,1,0,
1771619170,2026-02-20T20:26:11Z,200,929.485,1,0,
1771619177,2026-02-20T20:26:17Z,200,286.310,1,0,
1771619182,2026-02-20T20:26:22Z,200,401.605,1,0,
1771619188,2026-02-20T20:26:28Z,200,315.748,1,0,
1771619194,2026-02-20T20:26:34Z,200,272.253,1,0,
1771619199,2026-02-20T20:26:39Z,200,450.458,1,0,
1771619205,2026-02-20T20:26:45Z,200,404.324,1,0,
1771619210,2026-02-20T20:26:50Z,200,212.771,1,0,
1771619216,2026-02-20T20:26:56Z,200,653.308,1,0,
1771619222,2026-02-20T20:27:02Z,200,719.126,1,0,
1771619228,2026-02-20T20:27:08Z,200,392.559,1,0,
1771619233,2026-02-20T20:27:13Z,200,385.573,1,0,
1771619239,2026-02-20T20:27:19Z,200,1337.287,1,0,
1771619246,2026-02-20T20:27:26Z,200,364.878,1,0,
1771619251,2026-02-20T20:27:31Z,200,384.696,1,0,
1771619257,2026-02-20T20:27:37Z,200,598.188,1,0,
1771619263,2026-02-20T20:27:43Z,200,600.085,1,0,
1771619269,2026-02-20T20:27:49Z,200,290.296,1,0,
1771619274,2026-02-20T20:27:54Z,200,293.249,1,0,
1771619280,2026-02-20T20:28:00Z,200,705.687,1,0,
1771619286,2026-02-20T20:28:06Z,200,710.695,1,0,
1771619292,2026-02-20T20:28:12Z,200,405.852,1,0,
1771619298,2026-02-20T20:28:18Z,200,673.765,1,0,
1771619304,2026-02-20T20:28:24Z,200,370.277,1,0,
1771619309,2026-02-20T20:28:29Z,200,289.716,1,0,
1771619315,2026-02-20T20:28:35Z,200,531.582,1,0,
1771619321,2026-02-20T20:28:41Z,200,185.006,1,0,
1771619326,2026-02-20T20:28:46Z,200,190.978,1,0,
1771619332,2026-02-20T20:28:52Z,200,329.580,1,0,
1771619337,2026-02-20T20:28:57Z,200,372.522,1,0,
1771619343,2026-02-20T20:29:03Z,200,351.616,1,0,
1771619348,2026-02-20T20:29:08Z,200,403.674,1,0,
1771619354,2026-02-20T20:29:14Z,200,654.869,1,0,
1771619360,2026-02-20T20:29:20Z,200,358.262,1,0,
1771619365,2026-02-20T20:29:25Z,200,263.579,1,0,
1771619371,2026-02-20T20:29:31Z,200,1347.901,1,0,
1771619378,2026-02-20T20:29:38Z,200,594.313,1,0,
1771619383,2026-02-20T20:29:43Z,200,411.100,1,0,
1771619389,2026-02-20T20:29:49Z,200,272.416,1,0,
1771619395,2026-02-20T20:29:55Z,200,288.253,1,0,
1771619400,2026-02-20T20:30:00Z,200,879.418,1,0,
1771619406,2026-02-20T20:30:06Z,200,228.951,1,0,
1771619412,2026-02-20T20:30:12Z,200,960.505,1,0,
1771619418,2026-02-20T20:30:18Z,200,296.478,1,0,
1771619423,2026-02-20T20:30:23Z,200,299.171,1,0,
1771619429,2026-02-20T20:30:29Z,200,890.749,1,0,
1771619435,2026-02-20T20:30:35Z,200,430.905,1,0,
1771619441,2026-02-20T20:30:41Z,200,442.726,1,0,
1771619447,2026-02-20T20:30:47Z,200,242.313,1,0,
1771619452,2026-02-20T20:30:52Z,200,445.258,1,0,
1771619458,2026-02-20T20:30:58Z,200,484.528,1,0,
1771619464,2026-02-20T20:31:04Z,200,392.740,1,0,
1771619469,2026-02-20T20:31:09Z,200,205.393,1,0,
1771619475,2026-02-20T20:31:15Z,200,221.793,1,0,
1771619480,2026-02-20T20:31:20Z,200,667.079,1,0,
1771619486,2026-02-20T20:31:26Z,200,444.239,1,0,
1771619492,2026-02-20T20:31:32Z,200,255.243,1,0,
1771619497,2026-02-20T20:31:37Z,200,453.718,1,0,
1771619503,2026-02-20T20:31:43Z,200,241.848,1,0,
1771619509,2026-02-20T20:31:49Z,200,258.977,1,0,
1771619514,2026-02-20T20:31:54Z,200,201.392,1,0,
1771619520,2026-02-20T20:32:00Z,200,406.602,1,0,
1771619525,2026-02-20T20:32:05Z,200,396.443,1,0,
1771619531,2026-02-20T20:32:11Z,200,433.639,1,0,
1771619536,2026-02-20T20:32:16Z,200,452.225,1,0,
1771619542,2026-02-20T20:32:22Z,200,330.564,1,0,
1771619548,2026-02-20T20:32:28Z,200,184.497,1,0,
1771619553,2026-02-20T20:32:33Z,200,672.989,1,0,
1771619559,2026-02-20T20:32:39Z,200,188.069,1,0,
1771619564,2026-02-20T20:32:44Z,200,421.456,1,0,
1771619570,2026-02-20T20:32:50Z,200,258.056,1,0,
1771619576,2026-02-20T20:32:56Z,200,327.382,1,0,
1771619581,2026-02-20T20:33:01Z,200,245.646,1,0,
1771619587,2026-02-20T20:33:07Z,200,378.904,1,0,
1771619592,2026-02-20T20:33:12Z,200,229.048,1,0,
1771619598,2026-02-20T20:33:18Z,200,290.853,1,0,
1771619603,2026-02-20T20:33:23Z,200,871.575,1,0,
1771619609,2026-02-20T20:33:29Z,200,287.597,1,0,
1771619615,2026-02-20T20:33:35Z,200,299.575,1,0,
1771619620,2026-02-20T20:33:40Z,200,426.690,1,0,
1771619626,2026-02-20T20:33:46Z,200,574.067,1,0,
1771619632,2026-02-20T20:33:52Z,200,166.268,1,0,
1771619637,2026-02-20T20:33:57Z,200,773.252,1,0,
1771619643,2026-02-20T20:34:03Z,200,409.830,1,0,
1771619649,2026-02-20T20:34:09Z,200,549.363,1,0,
1771619655,2026-02-20T20:34:15Z,200,199.752,1,0,
1771619660,2026-02-20T20:34:20Z,200,355.695,1,0,
1771619666,2026-02-20T20:34:26Z,200,377.159,1,0,
1771619671,2026-02-20T20:34:31Z,200,392.173,1,0,
1771619677,2026-02-20T20:34:37Z,200,553.389,1,0,
1771619683,2026-02-20T20:34:43Z,200,245.399,1,0,
1771619688,2026-02-20T20:34:48Z,200,270.845,1,0,
1771619694,2026-02-20T20:34:54Z,200,398.124,1,0,
1771619699,2026-02-20T20:34:59Z,200,234.639,1,0,
1771619705,2026-02-20T20:35:05Z,200,1041.861,1,0,
1771619711,2026-02-20T20:35:11Z,200,359.087,1,0,
1771619716,2026-02-20T20:35:16Z,200,573.546,1,0,
1771619722,2026-02-20T20:35:22Z,200,453.580,1,0,
1771619728,2026-02-20T20:35:28Z,200,623.742,1,0,
1771619734,2026-02-20T20:35:34Z,200,274.117,1,0,
1771619740,2026-02-20T20:35:40Z,200,284.202,1,0,
1771619745,2026-02-20T20:35:45Z,200,360.404,1,0,
1771619751,2026-02-20T20:35:51Z,200,392.674,1,0,
1771619757,2026-02-20T20:35:57Z,200,392.667,1,0,
1771619763,2026-02-20T20:36:03Z,200,581.823,1,0,
1771619769,2026-02-20T20:36:09Z,200,303.657,1,0,
1771619775,2026-02-20T20:36:15Z,200,302.425,1,0,
1771619781,2026-02-20T20:36:21Z,200,348.378,1,0,
1771619787,2026-02-20T20:36:27Z,200,285.441,1,0,
1771619793,2026-02-20T20:36:33Z,200,309.644,1,0,
1771619799,2026-02-20T20:36:39Z,200,220.142,1,0,
1771619805,2026-02-20T20:36:45Z,200,360.439,1,0,
1771619811,2026-02-20T20:36:51Z,200,195.771,1,0,
1771619816,2026-02-20T20:36:56Z,200,261.516,1,0,
1771619822,2026-02-20T20:37:02Z,200,233.335,1,0,
1771619827,2026-02-20T20:37:07Z,200,715.484,1,0,
1771619833,2026-02-20T20:37:13Z,200,575.115,1,0,
1771619839,2026-02-20T20:37:19Z,200,386.480,1,0,
1771619845,2026-02-20T20:37:25Z,200,549.316,1,0,
1771619851,2026-02-20T20:37:31Z,200,637.794,1,0,
1771619856,2026-02-20T20:37:36Z,200,299.163,1,0,
1771619862,2026-02-20T20:37:42Z,200,328.968,1,0,
1771619867,2026-02-20T20:37:47Z,200,292.507,1,0,
1771619873,2026-02-20T20:37:53Z,200,493.770,1,0,
1771619879,2026-02-20T20:37:59Z,200,315.798,1,0,
1771619884,2026-02-20T20:38:04Z,200,999.558,1,0,
1771619891,2026-02-20T20:38:11Z,200,189.819,1,0,
1771619896,2026-02-20T20:38:16Z,200,314.134,1,0,
1771619902,2026-02-20T20:38:22Z,200,344.526,1,0,
1771619907,2026-02-20T20:38:27Z,200,1257.849,1,0,
1771619914,2026-02-20T20:38:34Z,200,571.209,1,0,
1771619919,2026-02-20T20:38:39Z,200,303.964,1,0,
1771619925,2026-02-20T20:38:45Z,200,262.158,1,0,
1771619931,2026-02-20T20:38:51Z,200,370.542,1,0,
1771619936,2026-02-20T20:38:56Z,200,244.525,1,0,
1771619942,2026-02-20T20:39:02Z,200,642.356,1,0,
1771619947,2026-02-20T20:39:07Z,200,574.834,1,0,
1771619953,2026-02-20T20:39:13Z,200,1299.060,1,0,
1771619960,2026-02-20T20:39:20Z,200,275.874,1,0,
1771619965,2026-02-20T20:39:25Z,200,534.072,1,0,
1771619971,2026-02-20T20:39:31Z,200,653.098,1,0,
1771619977,2026-02-20T20:39:37Z,200,570.763,1,0,
1771619983,2026-02-20T20:39:43Z,200,296.559,1,0,
1771619988,2026-02-20T20:39:48Z,200,221.264,1,0,
1771619994,2026-02-20T20:39:54Z,200,427.423,1,0,
1771620000,2026-02-20T20:40:00Z,200,4058.672,1,0,
1771620009,2026-02-20T20:40:09Z,200,310.550,1,0,
1771620014,2026-02-20T20:40:15Z,200,638.285,1,0,
1771620020,2026-02-20T20:40:20Z,200,396.910,1,0,
1771620026,2026-02-20T20:40:26Z,200,774.518,1,0,
1771620032,2026-02-20T20:40:32Z,200,487.912,1,0,
1771620038,2026-02-20T20:40:38Z,200,619.805,1,0,
1771620044,2026-02-20T20:40:44Z,200,619.396,1,0,
1771620050,2026-02-20T20:40:50Z,200,570.385,1,0,
1771620055,2026-02-20T20:40:55Z,200,534.324,1,0,
1771620061,2026-02-20T20:41:01Z,200,680.537,1,0,
1771620067,2026-02-20T20:41:07Z,200,686.212,1,0,
1771620073,2026-02-20T20:41:13Z,200,973.666,1,0,
1771620079,2026-02-20T20:41:19Z,200,369.212,1,0,
1771620085,2026-02-20T20:41:25Z,200,469.655,1,0,
1771620091,2026-02-20T20:41:31Z,200,314.357,1,0,
1771620096,2026-02-20T20:41:36Z,200,174.809,1,0,
1771620102,2026-02-20T20:41:42Z,200,233.600,1,0,
1771620107,2026-02-20T20:41:47Z,200,372.001,1,0,
1771620113,2026-02-20T20:41:53Z,200,188.068,1,0,
1771620118,2026-02-20T20:41:58Z,200,575.112,1,0,
1771620124,2026-02-20T20:42:04Z,200,249.823,1,0,
1771620129,2026-02-20T20:42:09Z,200,296.391,1,0,
1771620135,2026-02-20T20:42:15Z,200,724.664,1,0,
1771620141,2026-02-20T20:42:21Z,200,313.099,1,0,
1771620147,2026-02-20T20:42:27Z,200,439.436,1,0,
1771620152,2026-02-20T20:42:32Z,200,282.319,1,0,
1771620158,2026-02-20T20:42:38Z,200,476.683,1,0,
1771620164,2026-02-20T20:42:44Z,200,362.820,1,0,
1771620169,2026-02-20T20:42:49Z,200,244.977,1,0,
1771620175,2026-02-20T20:42:55Z,200,329.175,1,0,
1771620181,2026-02-20T20:43:01Z,200,335.103,1,0,
1771620186,2026-02-20T20:43:06Z,200,426.186,1,0,
1771620192,2026-02-20T20:43:12Z,200,321.835,1,0,
1771620197,2026-02-20T20:43:17Z,200,1024.580,1,0,
1771620204,2026-02-20T20:43:24Z,200,290.076,1,0,
1771620209,2026-02-20T20:43:29Z,200,178.631,1,0,
1771620215,2026-02-20T20:43:35Z,200,275.662,1,0,
1771620220,2026-02-20T20:43:40Z,200,655.095,1,0,
1771620226,2026-02-20T20:43:46Z,200,240.542,1,0,
1771620231,2026-02-20T20:43:51Z,200,526.776,1,0,
1771620237,2026-02-20T20:43:57Z,200,359.112,1,0,
1771620243,2026-02-20T20:44:03Z,200,283.954,1,0,
1771620248,2026-02-20T20:44:08Z,200,442.328,1,0,
1771620254,2026-02-20T20:44:14Z,200,487.167,1,0,
1771620260,2026-02-20T20:44:20Z,200,356.795,1,0,
1771620265,2026-02-20T20:44:25Z,200,383.785,1,0,
1771620271,2026-02-20T20:44:31Z,200,209.681,1,0,
1771620277,2026-02-20T20:44:37Z,200,516.755,1,0,
1771620282,2026-02-20T20:44:42Z,200,340.620,1,0,
1771620288,2026-02-20T20:44:48Z,200,741.253,1,0,
1771620294,2026-02-20T20:44:54Z,200,1840.048,1,0,
1771620301,2026-02-20T20:45:01Z,200,184.463,1,0,
1771620306,2026-02-20T20:45:06Z,200,379.912,1,0,
1771620312,2026-02-20T20:45:12Z,200,281.841,1,0,
1771620317,2026-02-20T20:45:17Z,200,612.062,1,0,
1771620323,2026-02-20T20:45:23Z,200,399.589,1,0,
1771620329,2026-02-20T20:45:29Z,200,991.865,1,0,
1771620335,2026-02-20T20:45:35Z,200,298.700,1,0,
1771620341,2026-02-20T20:45:41Z,200,331.240,1,0,
1771620346,2026-02-20T20:45:46Z,200,309.005,1,0,
1771620352,2026-02-20T20:45:52Z,200,346.954,1,0,
1771620357,2026-02-20T20:45:57Z,200,299.653,1,0,
1771620363,2026-02-20T20:46:03Z,200,408.187,1,0,
1771620369,2026-02-20T20:46:09Z,200,387.252,1,0,
1771620374,2026-02-20T20:46:14Z,200,511.074,1,0,
1771620380,2026-02-20T20:46:20Z,200,440.534,1,0,
1771620386,2026-02-20T20:46:26Z,200,284.617,1,0,
1771620391,2026-02-20T20:46:31Z,200,254.837,1,0,
1771620397,2026-02-20T20:46:37Z,200,732.060,1,0,
1771620403,2026-02-20T20:46:43Z,200,367.383,1,0,
1771620408,2026-02-20T20:46:48Z,200,1896.459,1,0,
1771620415,2026-02-20T20:46:55Z,200,212.043,1,0,
1771620421,2026-02-20T20:47:01Z,200,707.181,1,0,
1771620427,2026-02-20T20:47:07Z,200,369.816,1,0,
1771620432,2026-02-20T20:47:12Z,200,251.590,1,0,
1771620438,2026-02-20T20:47:18Z,200,603.724,1,0,
1771620444,2026-02-20T20:47:24Z,200,280.723,1,0,
1771620449,2026-02-20T20:47:29Z,200,485.887,1,0,
1771620455,2026-02-20T20:47:35Z,200,518.069,1,0,
1771620461,2026-02-20T20:47:41Z,200,434.767,1,0,
1771620466,2026-02-20T20:47:46Z,200,425.787,1,0,
1771620472,2026-02-20T20:47:52Z,200,332.308,1,0,
1771620477,2026-02-20T20:47:57Z,200,626.367,1,0,
1771620483,2026-02-20T20:48:03Z,200,341.907,1,0,
1771620489,2026-02-20T20:48:09Z,200,298.667,1,0,
1771620494,2026-02-20T20:48:14Z,200,356.676,1,0,
1771620500,2026-02-20T20:48:20Z,200,207.121,1,0,
1771620505,2026-02-20T20:48:25Z,200,190.316,1,0,
1771620511,2026-02-20T20:48:31Z,200,1522.220,1,0,
1771620518,2026-02-20T20:48:38Z,200,286.556,1,0,
1771620523,2026-02-20T20:48:43Z,200,245.364,1,0,
1771620529,2026-02-20T20:48:49Z,200,518.363,1,0,
1771620534,2026-02-20T20:48:54Z,200,742.135,1,0,
1771620540,2026-02-20T20:49:00Z,200,344.490,1,0,
1771620546,2026-02-20T20:49:06Z,200,642.074,1,0,
1771620552,2026-02-20T20:49:12Z,200,340.344,1,0,
1771620557,2026-02-20T20:49:17Z,200,389.671,1,0,
1771620563,2026-02-20T20:49:23Z,200,336.474,1,0,
1771620569,2026-02-20T20:49:29Z,200,443.113,1,0,
1771620574,2026-02-20T20:49:34Z,200,349.223,1,0,
1771620580,2026-02-20T20:49:40Z,200,279.172,1,0,
1771620585,2026-02-20T20:49:45Z,200,481.419,1,0,
1771620591,2026-02-20T20:49:51Z,200,547.835,1,0,
1771620597,2026-02-20T20:49:57Z,200,727.303,1,0,
1771620603,2026-02-20T20:50:03Z,200,742.598,1,0,
1771620609,2026-02-20T20:50:09Z,200,501.690,1,0,
1771620614,2026-02-20T20:50:14Z,200,176.288,1,0,
1771620620,2026-02-20T20:50:20Z,200,343.149,1,0,
1771620625,2026-02-20T20:50:25Z,200,326.086,1,0,
1771620631,2026-02-20T20:50:31Z,200,330.995,1,0,
1771620637,2026-02-20T20:50:37Z,200,437.768,1,0,
1771620642,2026-02-20T20:50:42Z,200,390.789,1,0,
1771620648,2026-02-20T20:50:48Z,200,312.107,1,0,
1771620653,2026-02-20T20:50:53Z,200,338.897,1,0,
1771620659,2026-02-20T20:50:59Z,200,355.005,1,0,
1771620664,2026-02-20T20:51:04Z,200,253.529,1,0,
1771620670,2026-02-20T20:51:10Z,200,445.459,1,0,
1771620676,2026-02-20T20:51:16Z,200,455.385,1,0,
1771620681,2026-02-20T20:51:21Z,200,225.648,1,0,
1771620687,2026-02-20T20:51:27Z,200,407.973,1,0,
1771620692,2026-02-20T20:51:32Z,200,210.778,1,0,
1771620698,2026-02-20T20:51:38Z,200,246.394,1,0,
1771620703,2026-02-20T20:51:43Z,200,419.450,1,0,
1771620709,2026-02-20T20:51:49Z,200,337.834,1,0,
1771620714,2026-02-20T20:51:54Z,200,387.543,1,0,
1771620720,2026-02-20T20:52:00Z,200,202.660,1,0,
1771620725,2026-02-20T20:52:05Z,200,657.217,1,0,
1771620731,2026-02-20T20:52:11Z,200,224.371,1,0,
1771620738,2026-02-20T20:52:18Z,200,188.494,1,0,
1771620743,2026-02-20T20:52:23Z,000,5004.712,0,28,curl: (28) Connection timed out after 5004 milliseconds
1771620753,2026-02-20T20:52:33Z,000,5001.781,0,28,curl: (28) Connection timed out after 5001 milliseconds
1771620764,2026-02-20T20:52:44Z,200,4026.133,1,0,
1771620773,2026-02-20T20:52:53Z,200,1347.008,1,0,
1771620780,2026-02-20T20:53:00Z,200,670.522,1,0,
1771620786,2026-02-20T20:53:06Z,200,329.319,1,0,
1771620791,2026-02-20T20:53:11Z,200,464.082,1,0,
1771620797,2026-02-20T20:53:17Z,200,399.102,1,0,
1771620803,2026-02-20T20:53:23Z,200,226.795,1,0,
1771620808,2026-02-20T20:53:28Z,200,440.347,1,0,
1771620814,2026-02-20T20:53:34Z,200,492.668,1,0,
1771620819,2026-02-20T20:53:39Z,200,369.140,1,0,
1771620825,2026-02-20T20:53:45Z,200,443.007,1,0,
1771620831,2026-02-20T20:53:51Z,200,178.505,1,0,
1771620836,2026-02-20T20:53:56Z,200,662.248,1,0,
1771620842,2026-02-20T20:54:02Z,200,278.933,1,0,
1771620848,2026-02-20T20:54:08Z,200,560.864,1,0,
1771620853,2026-02-20T20:54:13Z,200,184.118,1,0,
1771620859,2026-02-20T20:54:19Z,200,204.371,1,0,
1771620864,2026-02-20T20:54:24Z,200,316.748,1,0,
1771620870,2026-02-20T20:54:30Z,200,677.137,1,0,
1771620876,2026-02-20T20:54:36Z,200,373.091,1,0,
1771620881,2026-02-20T20:54:41Z,200,176.695,1,0,
1771620887,2026-02-20T20:54:47Z,200,316.642,1,0,
1771620892,2026-02-20T20:54:52Z,200,178.298,1,0,
1771620898,2026-02-20T20:54:58Z,200,311.102,1,0,
1771620903,2026-02-20T20:55:03Z,200,566.527,1,0,
1771620909,2026-02-20T20:55:09Z,200,486.963,1,0,
1771620915,2026-02-20T20:55:15Z,200,227.587,1,0,
1771620920,2026-02-20T20:55:20Z,200,309.142,1,0,
1771620926,2026-02-20T20:55:26Z,200,193.894,1,0,
1771620931,2026-02-20T20:55:31Z,200,314.280,1,0,
1771620937,2026-02-20T20:55:37Z,200,433.857,1,0,
1771620942,2026-02-20T20:55:42Z,200,294.409,1,0,
1771620948,2026-02-20T20:55:48Z,200,717.807,1,0,
1771620954,2026-02-20T20:55:54Z,200,271.149,1,0,
1771620959,2026-02-20T20:55:59Z,200,1103.656,1,0,
1771620966,2026-02-20T20:56:06Z,200,341.091,1,0,
1771620971,2026-02-20T20:56:11Z,200,268.777,1,0,
1771620977,2026-02-20T20:56:17Z,200,395.535,1,0,
1771620982,2026-02-20T20:56:22Z,200,409.339,1,0,
1771620988,2026-02-20T20:56:28Z,200,325.287,1,0,
1771620994,2026-02-20T20:56:34Z,200,301.453,1,0,
1771620999,2026-02-20T20:56:39Z,200,298.514,1,0,
1771621005,2026-02-20T20:56:45Z,200,450.436,1,0,
1771621010,2026-02-20T20:56:50Z,200,697.956,1,0,
1771621016,2026-02-20T20:56:56Z,200,194.981,1,0,
1771621022,2026-02-20T20:57:02Z,200,388.372,1,0,
1771621027,2026-02-20T20:57:07Z,200,361.956,1,0,
1771621033,2026-02-20T20:57:13Z,200,206.464,1,0,
1771621038,2026-02-20T20:57:18Z,200,357.765,1,0,
1771621044,2026-02-20T20:57:24Z,200,557.373,1,0,
1771621050,2026-02-20T20:57:30Z,200,246.914,1,0,
1771621055,2026-02-20T20:57:35Z,200,533.499,1,0,
1771621061,2026-02-20T20:57:41Z,200,395.728,1,0,
1771621067,2026-02-20T20:57:47Z,200,192.427,1,0,
1771621072,2026-02-20T20:57:52Z,200,423.660,1,0,
1771621078,2026-02-20T20:57:58Z,200,423.465,1,0,
1771621083,2026-02-20T20:58:03Z,200,448.968,1,0,
1771621089,2026-02-20T20:58:09Z,200,427.786,1,0,
1771621095,2026-02-20T20:58:15Z,200,252.857,1,0,
1771621101,2026-02-20T20:58:21Z,200,199.497,1,0,
1771621106,2026-02-20T20:58:26Z,200,287.856,1,0,
1771621112,2026-02-20T20:58:32Z,200,294.096,1,0,
1771621118,2026-02-20T20:58:38Z,200,590.265,1,0,
1771621123,2026-02-20T20:58:44Z,200,415.266,1,0,
1771621129,2026-02-20T20:58:49Z,200,233.760,1,0,
1771621135,2026-02-20T20:58:55Z,200,290.044,1,0,
1771621140,2026-02-20T20:59:00Z,200,563.186,1,0,
1771621146,2026-02-20T20:59:06Z,200,313.460,1,0,
1771621151,2026-02-20T20:59:11Z,200,500.840,1,0,
1771621157,2026-02-20T20:59:17Z,200,460.676,1,0,
1771621163,2026-02-20T20:59:23Z,200,309.753,1,0,
1771621168,2026-02-20T20:59:28Z,200,194.534,1,0,
1771621174,2026-02-20T20:59:34Z,200,186.811,1,0,
1771621179,2026-02-20T20:59:39Z,200,440.366,1,0,
1771621185,2026-02-20T20:59:45Z,200,301.964,1,0,
1771621190,2026-02-20T20:59:50Z,200,619.898,1,0,
1771621196,2026-02-20T20:59:56Z,200,295.654,1,0,
1771621202,2026-02-20T21:00:02Z,200,1833.059,1,0,
1771621209,2026-02-20T21:00:09Z,200,209.120,1,0,
1771621214,2026-02-20T21:00:14Z,200,943.625,1,0,
1771621220,2026-02-20T21:00:20Z,200,311.372,1,0,
1771621226,2026-02-20T21:00:26Z,200,498.903,1,0,
1771621232,2026-02-20T21:00:32Z,200,838.226,1,0,
1771621238,2026-02-20T21:00:38Z,200,346.273,1,0,
1771621243,2026-02-20T21:00:43Z,200,872.573,1,0,
1771621249,2026-02-20T21:00:49Z,200,381.407,1,0,
1771621255,2026-02-20T21:00:55Z,200,262.516,1,0,
1771621260,2026-02-20T21:01:00Z,200,315.205,1,0,
1771621266,2026-02-20T21:01:06Z,200,537.429,1,0,
1771621272,2026-02-20T21:01:12Z,200,178.084,1,0,
1771621277,2026-02-20T21:01:17Z,200,387.910,1,0,
1771621283,2026-02-20T21:01:23Z,200,482.882,1,0,
1771621289,2026-02-20T21:01:29Z,200,194.282,1,0,
1771621294,2026-02-20T21:01:34Z,200,188.177,1,0,
1771621299,2026-02-20T21:01:39Z,200,307.403,1,0,
1771621305,2026-02-20T21:01:45Z,200,303.995,1,0,
1771621311,2026-02-20T21:01:51Z,200,873.747,1,0,
1771621317,2026-02-20T21:01:57Z,200,325.208,1,0,
1771621322,2026-02-20T21:02:02Z,200,1336.759,1,0,
1771621329,2026-02-20T21:02:09Z,200,191.967,1,0,
1771621334,2026-02-20T21:02:14Z,200,342.764,1,0,
1771621340,2026-02-20T21:02:20Z,200,851.735,1,0,
1771621346,2026-02-20T21:02:26Z,200,319.130,1,0,
1771621351,2026-02-20T21:02:31Z,200,435.248,1,0,
1771621357,2026-02-20T21:02:37Z,200,267.926,1,0,
1771621362,2026-02-20T21:02:42Z,200,530.889,1,0,
1771621368,2026-02-20T21:02:48Z,200,202.624,1,0,
1771621374,2026-02-20T21:02:54Z,200,345.993,1,0,
1771621379,2026-02-20T21:02:59Z,200,350.123,1,0,
1771621385,2026-02-20T21:03:05Z,200,1182.066,1,0,
1771621391,2026-02-20T21:03:11Z,200,287.236,1,0,
1771621397,2026-02-20T21:03:17Z,200,757.437,1,0,
1771621403,2026-02-20T21:03:23Z,200,574.320,1,0,
1771621408,2026-02-20T21:03:28Z,200,359.439,1,0,
1771621414,2026-02-20T21:03:34Z,200,457.985,1,0,
1771621420,2026-02-20T21:03:40Z,200,575.965,1,0,
1771621425,2026-02-20T21:03:45Z,200,326.691,1,0,
1771621431,2026-02-20T21:03:51Z,200,316.612,1,0,
1771621436,2026-02-20T21:03:56Z,200,219.273,1,0,
1771621442,2026-02-20T21:04:02Z,200,437.843,1,0,
1771621448,2026-02-20T21:04:08Z,200,569.555,1,0,
1771621453,2026-02-20T21:04:13Z,200,196.153,1,0,
1771621459,2026-02-20T21:04:19Z,200,246.935,1,0,
1771621464,2026-02-20T21:04:24Z,200,462.151,1,0,
1771621470,2026-02-20T21:04:30Z,200,184.473,1,0,
1771621475,2026-02-20T21:04:35Z,200,490.824,1,0,
1771621481,2026-02-20T21:04:41Z,200,219.787,1,0,
1771621486,2026-02-20T21:04:46Z,200,473.216,1,0,
1771621492,2026-02-20T21:04:52Z,200,292.362,1,0,
1771621498,2026-02-20T21:04:58Z,200,232.578,1,0,
1771621503,2026-02-20T21:05:03Z,200,229.655,1,0,
1771621508,2026-02-20T21:05:08Z,200,1150.680,1,0,
1771621515,2026-02-20T21:05:15Z,200,925.651,1,0,
1771621521,2026-02-20T21:05:21Z,200,815.920,1,0,
1771621527,2026-02-20T21:05:27Z,200,238.709,1,0,
1771621532,2026-02-20T21:05:32Z,200,201.254,1,0,
1771621538,2026-02-20T21:05:38Z,200,457.402,1,0,
1771621544,2026-02-20T21:05:44Z,200,589.693,1,0,
1771621549,2026-02-20T21:05:49Z,200,228.951,1,0,
1771621555,2026-02-20T21:05:55Z,200,549.927,1,0,
1771621561,2026-02-20T21:06:01Z,200,278.827,1,0,
1771621566,2026-02-20T21:06:06Z,200,1133.640,1,0,
1771621572,2026-02-20T21:06:12Z,200,561.314,1,0,
1771621578,2026-02-20T21:06:18Z,200,274.776,1,0,
1771621584,2026-02-20T21:06:24Z,200,315.514,1,0,
1771621589,2026-02-20T21:06:29Z,200,615.474,1,0,
1771621595,2026-02-20T21:06:35Z,200,287.865,1,0,
1771621601,2026-02-20T21:06:41Z,200,249.973,1,0,
1771621606,2026-02-20T21:06:46Z,200,187.832,1,0,
1771621611,2026-02-20T21:06:52Z,200,376.151,1,0,
1771621617,2026-02-20T21:06:57Z,200,589.970,1,0,
1771621623,2026-02-20T21:07:03Z,200,500.291,1,0,
1771621629,2026-02-20T21:07:09Z,200,251.294,1,0,
1771621634,2026-02-20T21:07:14Z,200,188.202,1,0,
1771621639,2026-02-20T21:07:19Z,200,703.517,1,0,
1771621645,2026-02-20T21:07:25Z,200,397.925,1,0,
1771621651,2026-02-20T21:07:31Z,200,411.797,1,0,
1771621657,2026-02-20T21:07:37Z,200,277.046,1,0,
1771621662,2026-02-20T21:07:42Z,200,325.146,1,0,
1771621668,2026-02-20T21:07:48Z,200,450.264,1,0,
1771621673,2026-02-20T21:07:53Z,200,821.422,1,0,
1771621679,2026-02-20T21:07:59Z,200,625.935,1,0,
1771621685,2026-02-20T21:08:05Z,200,188.876,1,0,
1771621691,2026-02-20T21:08:11Z,200,221.336,1,0,
1771621696,2026-02-20T21:08:16Z,200,220.827,1,0,
1771621702,2026-02-20T21:08:22Z,200,370.863,1,0,
1771621707,2026-02-20T21:08:27Z,200,243.346,1,0,
1771621713,2026-02-20T21:08:33Z,200,407.697,1,0,
1771621718,2026-02-20T21:08:38Z,200,432.624,1,0,
1771621724,2026-02-20T21:08:44Z,200,494.615,1,0,
1771621730,2026-02-20T21:08:50Z,200,248.228,1,0,
1771621735,2026-02-20T21:08:55Z,200,305.332,1,0,
1771621741,2026-02-20T21:09:01Z,200,324.385,1,0,
1771621746,2026-02-20T21:09:06Z,200,638.433,1,0,
1771621752,2026-02-20T21:09:12Z,200,945.329,1,0,
1771621758,2026-02-20T21:09:18Z,200,252.872,1,0,
1771621764,2026-02-20T21:09:24Z,200,264.625,1,0,
1771621769,2026-02-20T21:09:29Z,200,588.963,1,0,
1771621775,2026-02-20T21:09:35Z,200,413.864,1,0,
1771621781,2026-02-20T21:09:41Z,200,776.280,1,0,
1771621787,2026-02-20T21:09:47Z,200,563.780,1,0,
1771621793,2026-02-20T21:09:53Z,200,681.773,1,0,
1771621798,2026-02-20T21:09:58Z,200,326.702,1,0,
1771621804,2026-02-20T21:10:04Z,200,1247.286,1,0,
1771621811,2026-02-20T21:10:11Z,200,1476.441,1,0,
1771621817,2026-02-20T21:10:17Z,200,343.047,1,0,
1771621823,2026-02-20T21:10:23Z,200,548.029,1,0,
1771621829,2026-02-20T21:10:29Z,200,648.076,1,0,
1771621834,2026-02-20T21:10:34Z,200,488.541,1,0,
1771621840,2026-02-20T21:10:40Z,200,573.004,1,0,
1771621846,2026-02-20T21:10:46Z,200,409.876,1,0,
1771621852,2026-02-20T21:10:52Z,200,671.737,1,0,
1771621858,2026-02-20T21:10:58Z,200,194.531,1,0,
1771621864,2026-02-20T21:11:04Z,200,422.026,1,0,
1771621869,2026-02-20T21:11:09Z,200,196.342,1,0,
1771621875,2026-02-20T21:11:15Z,200,320.985,1,0,
1771621880,2026-02-20T21:11:20Z,200,547.894,1,0,
1771621886,2026-02-20T21:11:26Z,200,761.609,1,0,
1771621892,2026-02-20T21:11:32Z,200,425.278,1,0,
1771621898,2026-02-20T21:11:38Z,200,367.543,1,0,
1771621904,2026-02-20T21:11:44Z,200,343.608,1,0,
1771621909,2026-02-20T21:11:49Z,200,517.563,1,0,
1771621915,2026-02-20T21:11:55Z,200,367.481,1,0,
1771621921,2026-02-20T21:12:01Z,200,332.427,1,0,
1771621926,2026-02-20T21:12:06Z,200,478.025,1,0,
1771621932,2026-02-20T21:12:12Z,200,319.982,1,0,
1771621938,2026-02-20T21:12:18Z,200,555.655,1,0,
1771621944,2026-02-20T21:12:24Z,200,276.270,1,0,
1771621949,2026-02-20T21:12:29Z,200,347.237,1,0,
1771621955,2026-02-20T21:12:35Z,200,452.590,1,0,
1771621960,2026-02-20T21:12:40Z,200,435.510,1,0,
1771621966,2026-02-20T21:12:46Z,200,299.253,1,0,
1771621971,2026-02-20T21:12:51Z,200,639.777,1,0,
1771621977,2026-02-20T21:12:57Z,200,483.312,1,0,
1771621983,2026-02-20T21:13:03Z,200,360.730,1,0,
1771621989,2026-02-20T21:13:09Z,200,452.653,1,0,
1771621994,2026-02-20T21:13:14Z,200,1357.217,1,0,
1771622001,2026-02-20T21:13:21Z,200,265.949,1,0,
1771622006,2026-02-20T21:13:26Z,200,192.802,1,0,
1771622012,2026-02-20T21:13:32Z,200,1123.932,1,0,
1771622018,2026-02-20T21:13:38Z,200,324.052,1,0,
1771622024,2026-02-20T21:13:44Z,200,513.218,1,0,
1771622030,2026-02-20T21:13:50Z,200,392.086,1,0,
1771622035,2026-02-20T21:13:55Z,200,461.045,1,0,
1771622041,2026-02-20T21:14:01Z,200,259.042,1,0,
1771622047,2026-02-20T21:14:07Z,200,479.926,1,0,
1771622052,2026-02-20T21:14:12Z,200,290.308,1,0,
1771622058,2026-02-20T21:14:18Z,200,181.798,1,0,
1771622063,2026-02-20T21:14:23Z,200,186.891,1,0,
1771622069,2026-02-20T21:14:29Z,200,365.903,1,0,
1771622074,2026-02-20T21:14:34Z,200,828.585,1,0,
1771622080,2026-02-20T21:14:40Z,200,611.809,1,0,
1771622086,2026-02-20T21:14:46Z,200,458.149,1,0,
1771622092,2026-02-20T21:14:52Z,200,257.637,1,0,
1771622097,2026-02-20T21:14:57Z,200,310.067,1,0,
1771622103,2026-02-20T21:15:03Z,200,454.611,1,0,
1771622109,2026-02-20T21:15:09Z,200,469.722,1,0,
1771622114,2026-02-20T21:15:14Z,200,334.931,1,0,
1771622120,2026-02-20T21:15:20Z,200,545.256,1,0,
1771622126,2026-02-20T21:15:26Z,200,378.355,1,0,
1771622131,2026-02-20T21:15:31Z,200,221.181,1,0,
1771622137,2026-02-20T21:15:37Z,200,584.245,1,0,
1771622142,2026-02-20T21:15:42Z,200,470.310,1,0,
1771622148,2026-02-20T21:15:48Z,200,523.835,1,0,
1771622154,2026-02-20T21:15:54Z,200,336.860,1,0,
1771622159,2026-02-20T21:15:59Z,200,435.670,1,0,
1771622165,2026-02-20T21:16:05Z,200,223.536,1,0,
1771622171,2026-02-20T21:16:11Z,200,527.490,1,0,
1771622176,2026-02-20T21:16:16Z,200,326.990,1,0,
1771622182,2026-02-20T21:16:22Z,200,270.421,1,0,
1771622188,2026-02-20T21:16:28Z,200,510.157,1,0,
1771622193,2026-02-20T21:16:33Z,200,621.553,1,0,
1771622199,2026-02-20T21:16:39Z,200,217.167,1,0,
1771622205,2026-02-20T21:16:45Z,200,722.604,1,0,
1771622211,2026-02-20T21:16:51Z,200,321.238,1,0,
1771622216,2026-02-20T21:16:56Z,200,461.588,1,0,
1771622222,2026-02-20T21:17:02Z,200,349.813,1,0,
1771622228,2026-02-20T21:17:08Z,200,344.238,1,0,
1771622233,2026-02-20T21:17:13Z,200,330.429,1,0,
1771622239,2026-02-20T21:17:19Z,200,505.511,1,0,
1771622245,2026-02-20T21:17:25Z,200,330.773,1,0,
1771622250,2026-02-20T21:17:30Z,200,776.167,1,0,
1771622256,2026-02-20T21:17:36Z,200,288.923,1,0,
1771622262,2026-02-20T21:17:42Z,200,546.900,1,0,
1771622267,2026-02-20T21:17:47Z,200,233.231,1,0,
1771622273,2026-02-20T21:17:53Z,200,236.790,1,0,
1771622278,2026-02-20T21:17:58Z,200,422.738,1,0,
1771622284,2026-02-20T21:18:04Z,200,370.802,1,0,
1771622290,2026-02-20T21:18:10Z,200,826.327,1,0,
1771622296,2026-02-20T21:18:16Z,200,625.336,1,0,
1771622302,2026-02-20T21:18:22Z,200,224.769,1,0,
1771622307,2026-02-20T21:18:27Z,200,612.969,1,0,
1771622313,2026-02-20T21:18:33Z,200,450.967,1,0,
1771622319,2026-02-20T21:18:39Z,200,263.378,1,0,
1771622325,2026-02-20T21:18:45Z,200,484.778,1,0,
1771622330,2026-02-20T21:18:50Z,200,454.232,1,0,
1771622336,2026-02-20T21:18:56Z,200,420.197,1,0,
1771622342,2026-02-20T21:19:02Z,200,344.129,1,0,
1771622347,2026-02-20T21:19:07Z,200,426.297,1,0,
1771622353,2026-02-20T21:19:13Z,200,357.405,1,0,
1771622359,2026-02-20T21:19:19Z,200,182.546,1,0,
1771622364,2026-02-20T21:19:24Z,200,653.042,1,0,
1771622370,2026-02-20T21:19:30Z,200,751.026,1,0,
1771622376,2026-02-20T21:19:36Z,200,330.438,1,0,
1771622382,2026-02-20T21:19:42Z,200,288.346,1,0,
1771622387,2026-02-20T21:19:47Z,200,612.580,1,0,
1771622393,2026-02-20T21:19:53Z,200,309.919,1,0,
1771622399,2026-02-20T21:19:59Z,200,511.315,1,0,
1771622405,2026-02-20T21:20:05Z,200,320.065,1,0,
1771622410,2026-02-20T21:20:10Z,200,586.031,1,0,
1771622416,2026-02-20T21:20:16Z,200,336.818,1,0,
1771622422,2026-02-20T21:20:22Z,200,795.854,1,0,
1771622428,2026-02-20T21:20:28Z,200,185.072,1,0,
1771622434,2026-02-20T21:20:34Z,200,341.435,1,0,
1771622442,2026-02-20T21:20:42Z,200,221.025,1,0,
1771622448,2026-02-20T21:20:48Z,200,188.564,1,0,
1771622454,2026-02-20T21:20:54Z,200,293.542,1,0,
1771622459,2026-02-20T21:20:59Z,200,266.985,1,0,
1771622465,2026-02-20T21:21:05Z,200,291.740,1,0,
1771622471,2026-02-20T21:21:11Z,200,369.759,1,0,
1771622476,2026-02-20T21:21:16Z,200,433.508,1,0,
1771622482,2026-02-20T21:21:22Z,200,1419.721,1,0,
1771622489,2026-02-20T21:21:29Z,200,480.396,1,0,
1771622494,2026-02-20T21:21:34Z,200,275.145,1,0,
1771622500,2026-02-20T21:21:40Z,200,489.798,1,0,
1771622506,2026-02-20T21:21:46Z,200,708.759,1,0,
1771622512,2026-02-20T21:21:52Z,200,242.037,1,0,
1771622518,2026-02-20T21:21:58Z,200,503.173,1,0,
1771622524,2026-02-20T21:22:04Z,200,266.711,1,0,
1771622530,2026-02-20T21:22:10Z,200,325.347,1,0,
1771622535,2026-02-20T21:22:15Z,200,806.085,1,0,
1771622542,2026-02-20T21:22:22Z,200,453.676,1,0,
1771622548,2026-02-20T21:22:28Z,200,247.731,1,0,
1771622553,2026-02-20T21:22:33Z,200,332.672,1,0,
1771622559,2026-02-20T21:22:39Z,200,661.554,1,0,
1771622565,2026-02-20T21:22:45Z,200,243.776,1,0,
1771622571,2026-02-20T21:22:51Z,200,322.419,1,0,
1771622576,2026-02-20T21:22:56Z,200,218.663,1,0,
1771622582,2026-02-20T21:23:02Z,200,349.295,1,0,
1771622588,2026-02-20T21:23:08Z,200,222.172,1,0,
1771622593,2026-02-20T21:23:13Z,200,193.018,1,0,
1771622599,2026-02-20T21:23:19Z,200,340.653,1,0,
1771622605,2026-02-20T21:23:25Z,200,610.921,1,0,
1771622611,2026-02-20T21:23:31Z,200,474.411,1,0,
1771622617,2026-02-20T21:23:37Z,200,192.799,1,0,
1771622622,2026-02-20T21:23:42Z,200,325.169,1,0,
1771622627,2026-02-20T21:23:47Z,200,338.245,1,0,
1771622633,2026-02-20T21:23:53Z,200,273.458,1,0,
1771622639,2026-02-20T21:23:59Z,200,399.202,1,0,
1771622644,2026-02-20T21:24:04Z,200,367.049,1,0,
1771622650,2026-02-20T21:24:10Z,200,447.261,1,0,
1771622656,2026-02-20T21:24:16Z,200,185.553,1,0,
1771622661,2026-02-20T21:24:21Z,200,396.344,1,0,
1771622667,2026-02-20T21:24:27Z,200,714.394,1,0,
1771622673,2026-02-20T21:24:33Z,200,342.368,1,0,
1771622678,2026-02-20T21:24:38Z,200,265.877,1,0,
1771622684,2026-02-20T21:24:44Z,200,292.453,1,0,
1771622689,2026-02-20T21:24:49Z,200,873.793,1,0,
1771622695,2026-02-20T21:24:55Z,200,899.433,1,0,
1771622702,2026-02-20T21:25:02Z,200,710.306,1,0,
1771622708,2026-02-20T21:25:08Z,200,253.756,1,0,
1771622713,2026-02-20T21:25:13Z,200,282.945,1,0,
1771622719,2026-02-20T21:25:19Z,200,275.137,1,0,
1771622724,2026-02-20T21:25:24Z,200,588.562,1,0,
1771622730,2026-02-20T21:25:30Z,200,820.628,1,0,
1771622736,2026-02-20T21:25:36Z,200,536.782,1,0,
1771622742,2026-02-20T21:25:42Z,200,728.536,1,0,
1771622748,2026-02-20T21:25:48Z,200,297.345,1,0,
1771622753,2026-02-20T21:25:53Z,200,204.022,1,0,
1771622759,2026-02-20T21:25:59Z,200,191.009,1,0,
1771622764,2026-02-20T21:26:04Z,200,203.969,1,0,
1771622770,2026-02-20T21:26:10Z,200,1126.406,1,0,
1771622776,2026-02-20T21:26:16Z,200,1573.692,1,0,
1771622783,2026-02-20T21:26:23Z,200,417.158,1,0,
1771622789,2026-02-20T21:26:29Z,200,428.475,1,0,
1771622794,2026-02-20T21:26:34Z,200,375.220,1,0,
1771622800,2026-02-20T21:26:40Z,200,300.798,1,0,
1771622806,2026-02-20T21:26:46Z,200,437.956,1,0,
1771622811,2026-02-20T21:26:51Z,200,179.361,1,0,
1771622817,2026-02-20T21:26:57Z,200,458.901,1,0,
1771622822,2026-02-20T21:27:02Z,200,388.850,1,0,
1771622828,2026-02-20T21:27:08Z,200,236.458,1,0,
1771622834,2026-02-20T21:27:14Z,200,510.550,1,0,
1771622839,2026-02-20T21:27:19Z,200,661.046,1,0,
1771622845,2026-02-20T21:27:25Z,200,579.635,1,0,
1771622851,2026-02-20T21:27:31Z,200,836.013,1,0,
1771622857,2026-02-20T21:27:37Z,200,301.828,1,0,
1771622863,2026-02-20T21:27:43Z,200,779.390,1,0,
1771622869,2026-02-20T21:27:49Z,200,193.740,1,0,
1771622874,2026-02-20T21:27:54Z,200,402.427,1,0,
1771622880,2026-02-20T21:28:00Z,200,344.004,1,0,
1771622886,2026-02-20T21:28:06Z,200,209.884,1,0,
1771622891,2026-02-20T21:28:11Z,200,204.202,1,0,
1771622896,2026-02-20T21:28:16Z,200,527.446,1,0,
1771622902,2026-02-20T21:28:22Z,200,226.512,1,0,
1771622908,2026-02-20T21:28:28Z,200,492.131,1,0,
1771622914,2026-02-20T21:28:34Z,200,443.212,1,0,
1771622919,2026-02-20T21:28:39Z,200,327.044,1,0,
1771622925,2026-02-20T21:28:45Z,200,316.967,1,0,
1771622931,2026-02-20T21:28:51Z,200,556.690,1,0,
1771622937,2026-02-20T21:28:57Z,200,352.893,1,0,
1771622942,2026-02-20T21:29:02Z,200,191.237,1,0,
1771622948,2026-02-20T21:29:08Z,200,192.734,1,0,
1771622953,2026-02-20T21:29:13Z,200,311.667,1,0,
1771622959,2026-02-20T21:29:19Z,200,490.982,1,0,
1771622965,2026-02-20T21:29:25Z,200,228.381,1,0,
1771622970,2026-02-20T21:29:30Z,200,273.949,1,0,
1771622976,2026-02-20T21:29:36Z,200,489.334,1,0,
1771622981,2026-02-20T21:29:41Z,200,200.592,1,0,
1771622987,2026-02-20T21:29:47Z,200,480.809,1,0,
1771622993,2026-02-20T21:29:53Z,200,295.077,1,0,
1771622998,2026-02-20T21:29:58Z,200,306.000,1,0,
1771623004,2026-02-20T21:30:04Z,200,595.750,1,0,
1771623010,2026-02-20T21:30:10Z,200,432.243,1,0,
1771623015,2026-02-20T21:30:15Z,200,425.655,1,0,
1771623021,2026-02-20T21:30:21Z,200,520.470,1,0,
1771623027,2026-02-20T21:30:27Z,200,245.130,1,0,
1771623032,2026-02-20T21:30:32Z,200,981.723,1,0,
1771623039,2026-02-20T21:30:39Z,200,372.548,1,0,
1771623044,2026-02-20T21:30:44Z,200,535.685,1,0,
1771623050,2026-02-20T21:30:50Z,200,178.532,1,0,
1771623055,2026-02-20T21:30:55Z,200,258.922,1,0,
1771623061,2026-02-20T21:31:01Z,200,430.608,1,0,
1771623067,2026-02-20T21:31:07Z,200,180.108,1,0,
1771623072,2026-02-20T21:31:12Z,200,452.891,1,0,
1771623078,2026-02-20T21:31:18Z,200,668.423,1,0,
1771623084,2026-02-20T21:31:24Z,200,438.318,1,0,
1771623089,2026-02-20T21:31:29Z,200,604.101,1,0,
1771623095,2026-02-20T21:31:35Z,200,1147.541,1,0,
1771623102,2026-02-20T21:31:42Z,200,245.477,1,0,
1771623107,2026-02-20T21:31:47Z,200,208.806,1,0,
1771623113,2026-02-20T21:31:53Z,200,559.755,1,0,
1771623118,2026-02-20T21:31:58Z,200,249.768,1,0,
1771623124,2026-02-20T21:32:04Z,200,357.151,1,0,
1771623130,2026-02-20T21:32:10Z,200,272.005,1,0,
1771623135,2026-02-20T21:32:15Z,200,227.627,1,0,
1771623141,2026-02-20T21:32:21Z,200,695.681,1,0,
1771623147,2026-02-20T21:32:27Z,200,330.793,1,0,
1771623152,2026-02-20T21:32:32Z,200,1067.198,1,0,
1771623158,2026-02-20T21:32:38Z,200,634.187,1,0,
1771623164,2026-02-20T21:32:44Z,200,374.109,1,0,
1771623170,2026-02-20T21:32:50Z,200,357.928,1,0,
1771623176,2026-02-20T21:32:56Z,200,305.279,1,0,
1771623181,2026-02-20T21:33:01Z,200,360.796,1,0,
1771623187,2026-02-20T21:33:07Z,200,280.457,1,0,
1771623192,2026-02-20T21:33:12Z,200,544.629,1,0,
1771623198,2026-02-20T21:33:18Z,200,184.680,1,0,
1771623204,2026-02-20T21:33:24Z,200,344.994,1,0,
1771623209,2026-02-20T21:33:29Z,200,585.300,1,0,
1771623215,2026-02-20T21:33:35Z,200,934.462,1,0,
1771623221,2026-02-20T21:33:41Z,200,314.053,1,0,
1771623227,2026-02-20T21:33:47Z,200,388.549,1,0,
1771623233,2026-02-20T21:33:53Z,200,241.990,1,0,
1771623238,2026-02-20T21:33:58Z,200,195.903,1,0,
1771623244,2026-02-20T21:34:04Z,200,246.241,1,0,
1771623249,2026-02-20T21:34:09Z,200,203.222,1,0,
1771623255,2026-02-20T21:34:15Z,200,417.008,1,0,
1771623260,2026-02-20T21:34:20Z,200,210.613,1,0,
1771623266,2026-02-20T21:34:26Z,200,349.918,1,0,
1771623271,2026-02-20T21:34:31Z,200,224.797,1,0,
1771623277,2026-02-20T21:34:37Z,200,296.828,1,0,
1771623282,2026-02-20T21:34:42Z,200,596.696,1,0,
1771623288,2026-02-20T21:34:48Z,200,388.596,1,0,
1771623294,2026-02-20T21:34:54Z,200,353.930,1,0,
1771623299,2026-02-20T21:34:59Z,200,3167.076,1,0,
1771623308,2026-02-20T21:35:08Z,200,214.816,1,0,
1771623313,2026-02-20T21:35:13Z,200,237.219,1,0,
1771623319,2026-02-20T21:35:19Z,200,467.357,1,0,
1771623324,2026-02-20T21:35:24Z,200,510.792,1,0,
1771623330,2026-02-20T21:35:30Z,200,405.261,1,0,
1771623336,2026-02-20T21:35:36Z,200,279.674,1,0,
1771623341,2026-02-20T21:35:41Z,200,667.062,1,0,
1771623347,2026-02-20T21:35:47Z,200,332.710,1,0,
1771623353,2026-02-20T21:35:53Z,200,433.111,1,0,
1771623359,2026-02-20T21:35:59Z,200,275.766,1,0,
1771623364,2026-02-20T21:36:04Z,200,222.009,1,0,
1771623370,2026-02-20T21:36:10Z,200,399.489,1,0,
1771623375,2026-02-20T21:36:15Z,200,444.192,1,0,
1771623381,2026-02-20T21:36:21Z,200,187.075,1,0,
1771623386,2026-02-20T21:36:26Z,200,310.797,1,0,
1771623392,2026-02-20T21:36:32Z,200,194.337,1,0,
1771623397,2026-02-20T21:36:37Z,200,314.123,1,0,
1771623403,2026-02-20T21:36:43Z,200,179.741,1,0,
1771623409,2026-02-20T21:36:49Z,200,367.810,1,0,
1771623414,2026-02-20T21:36:54Z,200,327.858,1,0,
1771623420,2026-02-20T21:37:00Z,200,995.369,1,0,
1771623426,2026-02-20T21:37:06Z,200,468.274,1,0,
1771623432,2026-02-20T21:37:12Z,200,301.875,1,0,
1771623438,2026-02-20T21:37:18Z,200,214.603,1,0,
1771623443,2026-02-20T21:37:23Z,200,393.724,1,0,
1771623449,2026-02-20T21:37:29Z,200,338.288,1,0,
1771623454,2026-02-20T21:37:34Z,200,198.102,1,0,
1771623460,2026-02-20T21:37:40Z,200,190.478,1,0,
1771623465,2026-02-20T21:37:45Z,200,190.729,1,0,
1771623471,2026-02-20T21:37:51Z,200,235.394,1,0,
1771623476,2026-02-20T21:37:56Z,200,283.225,1,0,
1771623482,2026-02-20T21:38:02Z,200,270.895,1,0,
1771623487,2026-02-20T21:38:07Z,200,250.934,1,0,
1771623493,2026-02-20T21:38:13Z,200,306.489,1,0,
1771623498,2026-02-20T21:38:18Z,200,276.170,1,0,
1771623504,2026-02-20T21:38:24Z,200,334.360,1,0,
1771623509,2026-02-20T21:38:29Z,200,220.741,1,0,
1771623515,2026-02-20T21:38:35Z,200,631.198,1,0,
1771623521,2026-02-20T21:38:41Z,200,190.037,1,0,
1771623526,2026-02-20T21:38:46Z,200,189.934,1,0,
1771623532,2026-02-20T21:38:52Z,200,299.329,1,0,
1771623537,2026-02-20T21:38:57Z,200,357.952,1,0,
1771623543,2026-02-20T21:39:03Z,200,260.515,1,0,
1771623548,2026-02-20T21:39:08Z,200,341.526,1,0,
1771623554,2026-02-20T21:39:14Z,200,454.452,1,0,
1771623559,2026-02-20T21:39:19Z,200,193.289,1,0,
1771623565,2026-02-20T21:39:25Z,200,196.379,1,0,
1771623570,2026-02-20T21:39:30Z,200,174.238,1,0,
1771623576,2026-02-20T21:39:36Z,200,226.511,1,0,
1771623581,2026-02-20T21:39:41Z,200,590.556,1,0,
1771623587,2026-02-20T21:39:47Z,200,185.377,1,0,
1771623593,2026-02-20T21:39:53Z,200,304.454,1,0,
1771623598,2026-02-20T21:39:58Z,200,245.878,1,0,
1771623604,2026-02-20T21:40:04Z,200,447.237,1,0,
1771623610,2026-02-20T21:40:10Z,200,485.604,1,0,
1771623615,2026-02-20T21:40:15Z,200,226.074,1,0,
1771623621,2026-02-20T21:40:21Z,200,293.895,1,0,
1771623627,2026-02-20T21:40:27Z,200,362.705,1,0,
1771623632,2026-02-20T21:40:32Z,200,342.196,1,0,
1771623638,2026-02-20T21:40:38Z,000,5006.328,0,28,curl: (28) Connection timed out after 5006 milliseconds
1771623649,2026-02-20T21:40:49Z,000,5004.708,0,28,curl: (28) Connection timed out after 5004 milliseconds
1771623659,2026-02-20T21:40:59Z,200,941.931,1,0,
1771623665,2026-02-20T21:41:05Z,200,248.198,1,0,
1771623671,2026-02-20T21:41:11Z,200,276.894,1,0,
1771623676,2026-02-20T21:41:16Z,200,342.053,1,0,
1771623682,2026-02-20T21:41:22Z,200,255.574,1,0,
1771623687,2026-02-20T21:41:27Z,200,201.600,1,0,
1771623693,2026-02-20T21:41:33Z,200,395.067,1,0,
1771623698,2026-02-20T21:41:38Z,200,194.277,1,0,
1771623704,2026-02-20T21:41:44Z,200,311.914,1,0,
1771623709,2026-02-20T21:41:49Z,200,236.059,1,0,
1771623715,2026-02-20T21:41:55Z,200,477.964,1,0,
1771623721,2026-02-20T21:42:01Z,200,726.736,1,0,
1771623727,2026-02-20T21:42:07Z,200,290.053,1,0,
1771623732,2026-02-20T21:42:12Z,200,606.038,1,0,
1771623738,2026-02-20T21:42:18Z,200,362.014,1,0,
1771623744,2026-02-20T21:42:24Z,200,246.649,1,0,
1771623749,2026-02-20T21:42:29Z,200,256.795,1,0,
1771623755,2026-02-20T21:42:35Z,200,188.689,1,0,
1771623760,2026-02-20T21:42:40Z,200,358.326,1,0,
1771623766,2026-02-20T21:42:46Z,200,207.860,1,0,
1771623771,2026-02-20T21:42:51Z,200,203.043,1,0,
1771623777,2026-02-20T21:42:57Z,200,261.501,1,0,
1771623782,2026-02-20T21:43:02Z,200,625.712,1,0,
1771623788,2026-02-20T21:43:08Z,200,515.263,1,0,
1771623794,2026-02-20T21:43:14Z,200,186.625,1,0,
1771623799,2026-02-20T21:43:19Z,200,330.211,1,0,
1771623805,2026-02-20T21:43:25Z,200,539.912,1,0,
1771623811,2026-02-20T21:43:31Z,200,375.276,1,0,
1771623816,2026-02-20T21:43:36Z,200,246.175,1,0,
1771623822,2026-02-20T21:43:42Z,200,279.710,1,0,
1771623827,2026-02-20T21:43:47Z,200,257.170,1,0,
1771623833,2026-02-20T21:43:53Z,200,519.185,1,0,
1771623838,2026-02-20T21:43:58Z,200,333.008,1,0,
1771623844,2026-02-20T21:44:04Z,200,594.829,1,0,
1771623850,2026-02-20T21:44:10Z,200,282.031,1,0,
1771623855,2026-02-20T21:44:15Z,200,306.159,1,0,
1771623861,2026-02-20T21:44:21Z,200,310.974,1,0,
1771623866,2026-02-20T21:44:26Z,200,537.995,1,0,
1771623872,2026-02-20T21:44:32Z,200,197.791,1,0,
1771623878,2026-02-20T21:44:38Z,200,390.778,1,0,
1771623883,2026-02-20T21:44:43Z,200,436.147,1,0,
1771623889,2026-02-20T21:44:49Z,200,304.945,1,0,
1771623895,2026-02-20T21:44:55Z,200,180.383,1,0,
1771623900,2026-02-20T21:45:00Z,200,4590.975,1,0,
1771623910,2026-02-20T21:45:10Z,200,617.306,1,0,
1771623916,2026-02-20T21:45:16Z,200,1084.410,1,0,
1771623922,2026-02-20T21:45:22Z,200,706.937,1,0,
1771623928,2026-02-20T21:45:28Z,200,261.691,1,0,
1771623933,2026-02-20T21:45:33Z,200,490.992,1,0,
1771623939,2026-02-20T21:45:39Z,200,319.566,1,0,
1771623945,2026-02-20T21:45:45Z,200,356.409,1,0,
1771623950,2026-02-20T21:45:50Z,200,232.700,1,0,
1771623956,2026-02-20T21:45:56Z,200,182.776,1,0,
1771623961,2026-02-20T21:46:01Z,200,396.542,1,0,
1771623967,2026-02-20T21:46:07Z,200,787.603,1,0,
1771623973,2026-02-20T21:46:13Z,200,1194.383,1,0,
1771623979,2026-02-20T21:46:19Z,200,340.676,1,0,
1771623985,2026-02-20T21:46:25Z,200,446.806,1,0,
1771623991,2026-02-20T21:46:31Z,200,340.773,1,0,
1771623996,2026-02-20T21:46:36Z,200,295.430,1,0,
1771624002,2026-02-20T21:46:42Z,200,202.968,1,0,
1771624007,2026-02-20T21:46:47Z,200,338.713,1,0,
1771624013,2026-02-20T21:46:53Z,200,389.486,1,0,
1771624019,2026-02-20T21:46:59Z,200,250.614,1,0,
1771624024,2026-02-20T21:47:04Z,200,480.252,1,0,
1771624030,2026-02-20T21:47:10Z,200,965.079,1,0,
1771624036,2026-02-20T21:47:16Z,200,705.369,1,0,
1771624042,2026-02-20T21:47:22Z,200,340.958,1,0,
1771624048,2026-02-20T21:47:28Z,200,195.668,1,0,
1771624053,2026-02-20T21:47:33Z,200,319.244,1,0,
1771624059,2026-02-20T21:47:39Z,200,404.475,1,0,
1771624065,2026-02-20T21:47:45Z,200,177.288,1,0,
1771624070,2026-02-20T21:47:50Z,200,320.136,1,0,
1771624076,2026-02-20T21:47:56Z,200,319.501,1,0,
1771624081,2026-02-20T21:48:01Z,200,186.263,1,0,
1771624087,2026-02-20T21:48:07Z,200,270.326,1,0,
1771624092,2026-02-20T21:48:12Z,200,714.867,1,0,
1771624098,2026-02-20T21:48:18Z,200,595.545,1,0,
1771624104,2026-02-20T21:48:24Z,200,340.513,1,0,
1771624110,2026-02-20T21:48:30Z,200,579.102,1,0,
1771624115,2026-02-20T21:48:35Z,200,230.893,1,0,
1771624121,2026-02-20T21:48:41Z,200,571.798,1,0,
1771624127,2026-02-20T21:48:47Z,200,448.747,1,0,
1771624132,2026-02-20T21:48:52Z,200,453.755,1,0,
1771624138,2026-02-20T21:48:58Z,200,219.088,1,0,
1771624144,2026-02-20T21:49:04Z,200,417.245,1,0,
1771624149,2026-02-20T21:49:09Z,200,1133.265,1,0,
1771624156,2026-02-20T21:49:16Z,200,473.102,1,0,
1771624161,2026-02-20T21:49:21Z,200,335.224,1,0,
1771624167,2026-02-20T21:49:27Z,200,461.337,1,0,
1771624173,2026-02-20T21:49:33Z,200,512.262,1,0,
1771624178,2026-02-20T21:49:38Z,200,423.193,1,0,
1771624184,2026-02-20T21:49:44Z,200,499.657,1,0,
1771624190,2026-02-20T21:49:50Z,200,404.313,1,0,
1771624195,2026-02-20T21:49:55Z,200,408.356,1,0,
1771624201,2026-02-20T21:50:01Z,200,2634.211,1,0,
1771624209,2026-02-20T21:50:09Z,200,702.801,1,0,
1771624215,2026-02-20T21:50:15Z,200,392.496,1,0,
1771624220,2026-02-20T21:50:20Z,200,219.827,1,0,
1771624226,2026-02-20T21:50:26Z,000,5003.337,0,28,curl: (28) Connection timed out after 5003 milliseconds
1771624236,2026-02-20T21:50:36Z,000,5002.320,0,28,curl: (28) Connection timed out after 5002 milliseconds
1771624246,2026-02-20T21:50:46Z,200,3246.232,1,0,
1771624255,2026-02-20T21:50:55Z,200,563.225,1,0,
1771624260,2026-02-20T21:51:00Z,200,336.636,1,0,
1771624266,2026-02-20T21:51:06Z,200,177.077,1,0,
1771624271,2026-02-20T21:51:11Z,200,412.632,1,0,
1771624277,2026-02-20T21:51:17Z,200,985.533,1,0,
1771624283,2026-02-20T21:51:23Z,200,187.669,1,0,
1771624289,2026-02-20T21:51:29Z,200,511.226,1,0,
1771624295,2026-02-20T21:51:35Z,200,290.030,1,0,
1771624300,2026-02-20T21:51:40Z,200,316.022,1,0,
1771624306,2026-02-20T21:51:46Z,200,1264.234,1,0,
1771624312,2026-02-20T21:51:52Z,200,177.302,1,0,
1771624318,2026-02-20T21:51:58Z,200,275.126,1,0,
1771624323,2026-02-20T21:52:03Z,200,411.865,1,0,
1771624329,2026-02-20T21:52:09Z,200,659.536,1,0,
1771624335,2026-02-20T21:52:15Z,200,452.075,1,0,
1771624340,2026-02-20T21:52:20Z,200,583.324,1,0,
1771624346,2026-02-20T21:52:26Z,200,610.765,1,0,
1771624352,2026-02-20T21:52:32Z,200,371.236,1,0,
1771624357,2026-02-20T21:52:37Z,200,311.494,1,0,
1771624363,2026-02-20T21:52:43Z,200,659.441,1,0,
1771624369,2026-02-20T21:52:49Z,200,231.341,1,0,
1771624374,2026-02-20T21:52:54Z,200,388.742,1,0,
1771624380,2026-02-20T21:53:00Z,200,851.714,1,0,
1771624386,2026-02-20T21:53:06Z,200,375.339,1,0,
1771624391,2026-02-20T21:53:11Z,200,422.728,1,0,
1771624397,2026-02-20T21:53:17Z,200,487.263,1,0,
1771624403,2026-02-20T21:53:23Z,200,272.314,1,0,
1771624408,2026-02-20T21:53:28Z,200,331.818,1,0,
1771624414,2026-02-20T21:53:34Z,200,246.629,1,0,
1771624419,2026-02-20T21:53:39Z,200,333.349,1,0,
1771624425,2026-02-20T21:53:45Z,200,322.756,1,0,
1771624430,2026-02-20T21:53:50Z,200,523.258,1,0,
1771624436,2026-02-20T21:53:56Z,200,195.737,1,0,
1771624441,2026-02-20T21:54:01Z,200,662.225,1,0,
1771624447,2026-02-20T21:54:07Z,200,250.835,1,0,
1771624453,2026-02-20T21:54:13Z,200,352.096,1,0,
1771624458,2026-02-20T21:54:18Z,200,375.003,1,0,
1771624464,2026-02-20T21:54:24Z,200,300.591,1,0,
1771624469,2026-02-20T21:54:29Z,200,486.057,1,0,
1771624475,2026-02-20T21:54:35Z,200,329.758,1,0,
1771624481,2026-02-20T21:54:41Z,200,409.114,1,0,
1771624486,2026-02-20T21:54:46Z,200,241.964,1,0,
1771624492,2026-02-20T21:54:52Z,200,249.006,1,0,
1771624497,2026-02-20T21:54:57Z,200,198.426,1,0,
1771624503,2026-02-20T21:55:03Z,200,2714.849,1,0,
1771624511,2026-02-20T21:55:11Z,200,378.390,1,0,
1771624516,2026-02-20T21:55:16Z,200,584.747,1,0,
1771624522,2026-02-20T21:55:22Z,200,598.041,1,0,
1771624528,2026-02-20T21:55:28Z,200,201.352,1,0,
1771624533,2026-02-20T21:55:33Z,200,197.427,1,0,
1771624539,2026-02-20T21:55:39Z,200,347.421,1,0,
1771624544,2026-02-20T21:55:44Z,200,233.151,1,0,
1771624550,2026-02-20T21:55:50Z,200,718.863,1,0,
1771624556,2026-02-20T21:55:56Z,200,447.018,1,0,
1771624561,2026-02-20T21:56:01Z,200,353.982,1,0,
1771624567,2026-02-20T21:56:07Z,200,289.722,1,0,
1771624572,2026-02-20T21:56:12Z,200,271.468,1,0,
1771624578,2026-02-20T21:56:18Z,200,321.775,1,0,
1771624584,2026-02-20T21:56:24Z,200,446.460,1,0,
1771624589,2026-02-20T21:56:29Z,200,389.859,1,0,
1771624595,2026-02-20T21:56:35Z,200,362.884,1,0,
1771624600,2026-02-20T21:56:40Z,200,176.219,1,0,
1771624606,2026-02-20T21:56:46Z,200,307.522,1,0,
1771624611,2026-02-20T21:56:51Z,200,293.260,1,0,
1771624617,2026-02-20T21:56:57Z,200,296.681,1,0,
1771624623,2026-02-20T21:57:03Z,200,415.625,1,0,
1771624629,2026-02-20T21:57:09Z,200,652.237,1,0,
1771624635,2026-02-20T21:57:15Z,200,442.256,1,0,
1771624640,2026-02-20T21:57:20Z,200,347.357,1,0,
1771624646,2026-02-20T21:57:26Z,200,332.352,1,0,
1771624652,2026-02-20T21:57:32Z,200,226.283,1,0,
1771624657,2026-02-20T21:57:37Z,200,545.274,1,0,
1771624663,2026-02-20T21:57:43Z,200,341.346,1,0,
1771624668,2026-02-20T21:57:48Z,200,707.231,1,0,
1771624674,2026-02-20T21:57:54Z,200,215.317,1,0,
1771624679,2026-02-20T21:57:59Z,200,477.264,1,0,
1771624685,2026-02-20T21:58:05Z,200,411.993,1,0,
1771624691,2026-02-20T21:58:11Z,200,385.368,1,0,
1771624696,2026-02-20T21:58:16Z,200,183.351,1,0,
1771624702,2026-02-20T21:58:22Z,200,570.174,1,0,
1771624708,2026-02-20T21:58:28Z,200,340.688,1,0,
1771624713,2026-02-20T21:58:33Z,200,221.289,1,0,
1771624719,2026-02-20T21:58:39Z,200,207.857,1,0,
1771624724,2026-02-20T21:58:44Z,200,323.488,1,0,
1771624730,2026-02-20T21:58:50Z,200,190.579,1,0,
1771624735,2026-02-20T21:58:55Z,200,515.405,1,0,
1771624741,2026-02-20T21:59:01Z,200,353.447,1,0,
1771624746,2026-02-20T21:59:06Z,200,559.864,1,0,
1771624752,2026-02-20T21:59:12Z,200,455.109,1,0,
1771624758,2026-02-20T21:59:18Z,200,397.307,1,0,
1771624764,2026-02-20T21:59:24Z,200,355.133,1,0,
1771624769,2026-02-20T21:59:29Z,200,203.295,1,0,
1771624774,2026-02-20T21:59:35Z,200,368.743,1,0,
1771624780,2026-02-20T21:59:40Z,200,446.940,1,0,
1771624786,2026-02-20T21:59:46Z,200,534.876,1,0,
1771624792,2026-02-20T21:59:52Z,200,191.093,1,0,
1771624797,2026-02-20T21:59:57Z,200,303.899,1,0,
1771624803,2026-02-20T22:00:03Z,200,3405.170,1,0,
1771624811,2026-02-20T22:00:11Z,200,236.750,1,0,
1771624817,2026-02-20T22:00:17Z,200,496.094,1,0,
1771624823,2026-02-20T22:00:23Z,200,660.603,1,0,
1771624829,2026-02-20T22:00:29Z,200,408.385,1,0,
1771624834,2026-02-20T22:00:34Z,200,320.320,1,0,
1771624840,2026-02-20T22:00:40Z,200,186.576,1,0,
1771624845,2026-02-20T22:00:45Z,200,458.362,1,0,
1771624851,2026-02-20T22:00:51Z,200,386.760,1,0,
1771624857,2026-02-20T22:00:57Z,200,224.073,1,0,
1771624862,2026-02-20T22:01:02Z,200,225.986,1,0,
1771624868,2026-02-20T22:01:08Z,200,702.721,1,0,
1771624873,2026-02-20T22:01:13Z,200,803.670,1,0,
1771624879,2026-02-20T22:01:19Z,200,198.112,1,0,
1771624885,2026-02-20T22:01:25Z,200,270.594,1,0,
1771624890,2026-02-20T22:01:30Z,200,224.838,1,0,
1771624896,2026-02-20T22:01:36Z,200,332.405,1,0,
1771624901,2026-02-20T22:01:41Z,200,266.406,1,0,
1771624907,2026-02-20T22:01:47Z,200,308.600,1,0,
1771624912,2026-02-20T22:01:52Z,200,198.899,1,0,
1771624918,2026-02-20T22:01:58Z,200,376.899,1,0,
1771624924,2026-02-20T22:02:04Z,200,268.046,1,0,
1771624930,2026-02-20T22:02:10Z,200,569.656,1,0,
1771624935,2026-02-20T22:02:15Z,200,598.607,1,0,
1771624941,2026-02-20T22:02:21Z,200,186.821,1,0,
1771624947,2026-02-20T22:02:27Z,200,337.113,1,0,
1771624952,2026-02-20T22:02:32Z,200,202.135,1,0,
1771624958,2026-02-20T22:02:38Z,200,520.843,1,0,
1771624963,2026-02-20T22:02:43Z,200,267.972,1,0,
1771624969,2026-02-20T22:02:49Z,200,442.582,1,0,
1771624975,2026-02-20T22:02:55Z,200,204.688,1,0,
1771624980,2026-02-20T22:03:00Z,200,253.769,1,0,
1771624985,2026-02-20T22:03:06Z,200,584.932,1,0,
1771624991,2026-02-20T22:03:11Z,200,188.264,1,0,
1771624997,2026-02-20T22:03:17Z,200,419.978,1,0,
1771625002,2026-02-20T22:03:22Z,200,429.831,1,0,
1771625008,2026-02-20T22:03:28Z,200,320.281,1,0,
1771625014,2026-02-20T22:03:34Z,200,186.168,1,0,
1771625019,2026-02-20T22:03:39Z,200,401.729,1,0,
1771625025,2026-02-20T22:03:45Z,200,758.845,1,0,
1771625031,2026-02-20T22:03:51Z,200,416.654,1,0,
1771625037,2026-02-20T22:03:57Z,200,230.144,1,0,
1771625042,2026-02-20T22:04:02Z,200,331.436,1,0,
1771625048,2026-02-20T22:04:08Z,200,265.506,1,0,
1771625053,2026-02-20T22:04:13Z,200,279.156,1,0,
1771625059,2026-02-20T22:04:19Z,200,228.795,1,0,
1771625064,2026-02-20T22:04:24Z,200,217.189,1,0,
1771625070,2026-02-20T22:04:30Z,200,705.327,1,0,
1771625076,2026-02-20T22:04:36Z,200,249.453,1,0,
1771625081,2026-02-20T22:04:41Z,200,235.089,1,0,
1771625087,2026-02-20T22:04:47Z,200,262.810,1,0,
1771625092,2026-02-20T22:04:52Z,200,760.102,1,0,
1771625098,2026-02-20T22:04:58Z,200,293.519,1,0,
1771625104,2026-02-20T22:05:04Z,200,847.893,1,0,
1771625110,2026-02-20T22:05:10Z,200,363.411,1,0,
1771625115,2026-02-20T22:05:15Z,200,673.259,1,0,
1771625121,2026-02-20T22:05:21Z,200,233.929,1,0,
1771625126,2026-02-20T22:05:26Z,200,398.586,1,0,
1771625132,2026-02-20T22:05:32Z,200,365.606,1,0,
1771625138,2026-02-20T22:05:38Z,200,268.102,1,0,
1771625143,2026-02-20T22:05:43Z,200,312.824,1,0,
1771625149,2026-02-20T22:05:49Z,200,259.965,1,0,
1771625154,2026-02-20T22:05:54Z,200,201.755,1,0,
1771625160,2026-02-20T22:06:00Z,200,403.502,1,0,
1771625165,2026-02-20T22:06:05Z,200,371.226,1,0,
1771625171,2026-02-20T22:06:11Z,200,582.466,1,0,
1771625177,2026-02-20T22:06:17Z,200,185.045,1,0,
1771625182,2026-02-20T22:06:22Z,200,585.660,1,0,
1771625188,2026-02-20T22:06:28Z,200,234.568,1,0,
1771625193,2026-02-20T22:06:33Z,200,284.689,1,0,
1771625199,2026-02-20T22:06:39Z,200,782.407,1,0,
1771625205,2026-02-20T22:06:45Z,200,207.865,1,0,
1771625210,2026-02-20T22:06:50Z,200,312.219,1,0,
1771625216,2026-02-20T22:06:56Z,200,267.306,1,0,
1771625221,2026-02-20T22:07:01Z,200,265.432,1,0,
1771625226,2026-02-20T22:07:06Z,200,457.391,1,0,
1771625232,2026-02-20T22:07:12Z,200,345.203,1,0,
1771625238,2026-02-20T22:07:18Z,200,287.313,1,0,
1771625243,2026-02-20T22:07:23Z,200,275.481,1,0,
1771625249,2026-02-20T22:07:29Z,200,426.077,1,0,
1771625254,2026-02-20T22:07:34Z,200,383.492,1,0,
1771625260,2026-02-20T22:07:40Z,200,308.115,1,0,
1771625265,2026-02-20T22:07:45Z,200,421.098,1,0,
1771625271,2026-02-20T22:07:51Z,200,278.658,1,0,
1771625277,2026-02-20T22:07:57Z,200,237.589,1,0,
1771625282,2026-02-20T22:08:02Z,200,595.992,1,0,
1771625288,2026-02-20T22:08:08Z,200,327.483,1,0,
1771625293,2026-02-20T22:08:13Z,200,522.962,1,0,
1771625299,2026-02-20T22:08:19Z,200,199.653,1,0,
1771625304,2026-02-20T22:08:24Z,200,347.683,1,0,
1771625310,2026-02-20T22:08:30Z,200,210.119,1,0,
1771625315,2026-02-20T22:08:35Z,200,338.230,1,0,
1771625321,2026-02-20T22:08:41Z,200,266.734,1,0,
1771625326,2026-02-20T22:08:46Z,200,354.865,1,0,
1771625332,2026-02-20T22:08:52Z,200,180.616,1,0,
1771625337,2026-02-20T22:08:57Z,200,351.544,1,0,
1771625343,2026-02-20T22:09:03Z,200,231.875,1,0,
1771625348,2026-02-20T22:09:08Z,200,328.911,1,0,
1771625354,2026-02-20T22:09:14Z,200,196.317,1,0,
1771625359,2026-02-20T22:09:19Z,200,586.854,1,0,
1771625365,2026-02-20T22:09:25Z,200,388.178,1,0,
1771625371,2026-02-20T22:09:31Z,200,171.258,1,0,
1771625376,2026-02-20T22:09:36Z,200,321.467,1,0,
1771625382,2026-02-20T22:09:42Z,200,460.806,1,0,
1771625387,2026-02-20T22:09:47Z,200,174.808,1,0,
1771625393,2026-02-20T22:09:53Z,200,276.743,1,0,
1771625398,2026-02-20T22:09:58Z,200,304.631,1,0,
1771625404,2026-02-20T22:10:04Z,200,783.164,1,0,
1771625410,2026-02-20T22:10:10Z,200,186.973,1,0,
1771625415,2026-02-20T22:10:15Z,200,620.542,1,0,
1771625421,2026-02-20T22:10:21Z,200,188.648,1,0,
1771625426,2026-02-20T22:10:26Z,200,433.250,1,0,
1771625432,2026-02-20T22:10:32Z,200,267.353,1,0,
1771625438,2026-02-20T22:10:38Z,200,397.898,1,0,
1771625443,2026-02-20T22:10:43Z,200,434.603,1,0,
1771625449,2026-02-20T22:10:49Z,200,300.366,1,0,
1771625454,2026-02-20T22:10:54Z,200,276.212,1,0,
1771625460,2026-02-20T22:11:00Z,200,460.558,1,0,
1771625466,2026-02-20T22:11:06Z,200,319.102,1,0,
1771625471,2026-02-20T22:11:11Z,200,302.728,1,0,
1771625477,2026-02-20T22:11:17Z,200,423.250,1,0,
1771625482,2026-02-20T22:11:22Z,200,649.471,1,0,
1771625488,2026-02-20T22:11:28Z,200,356.215,1,0,
1771625494,2026-02-20T22:11:34Z,200,244.789,1,0,
1771625499,2026-02-20T22:11:39Z,200,327.906,1,0,
1771625505,2026-02-20T22:11:45Z,200,296.986,1,0,
1771625510,2026-02-20T22:11:50Z,200,319.864,1,0,
1771625516,2026-02-20T22:11:56Z,200,291.409,1,0,
1771625521,2026-02-20T22:12:01Z,200,176.856,1,0,
1771625527,2026-02-20T22:12:07Z,200,598.497,1,0,
1771625533,2026-02-20T22:12:13Z,200,240.946,1,0,
1771625538,2026-02-20T22:12:18Z,200,302.664,1,0,
1771625544,2026-02-20T22:12:24Z,200,323.628,1,0,
1771625549,2026-02-20T22:12:29Z,200,300.536,1,0,
1771625555,2026-02-20T22:12:35Z,200,354.882,1,0,
1771625560,2026-02-20T22:12:40Z,200,248.654,1,0,
1771625566,2026-02-20T22:12:46Z,200,462.531,1,0,
1771625571,2026-02-20T22:12:51Z,200,234.947,1,0,
1771625577,2026-02-20T22:12:57Z,200,300.886,1,0,
1771625582,2026-02-20T22:13:02Z,200,366.054,1,0,
1771625588,2026-02-20T22:13:08Z,200,337.173,1,0,
1771625594,2026-02-20T22:13:14Z,200,338.038,1,0,
1771625600,2026-02-20T22:13:20Z,200,422.718,1,0,
1771625606,2026-02-20T22:13:26Z,200,422.972,1,0,
1771625612,2026-02-20T22:13:32Z,200,176.373,1,0,
1771625617,2026-02-20T22:13:37Z,200,272.556,1,0,
1771625622,2026-02-20T22:13:42Z,200,234.699,1,0,
1771625628,2026-02-20T22:13:48Z,200,274.715,1,0,
1771625633,2026-02-20T22:13:53Z,200,326.456,1,0,
1771625639,2026-02-20T22:13:59Z,200,296.967,1,0,
1771625644,2026-02-20T22:14:04Z,200,300.451,1,0,
1771625650,2026-02-20T22:14:10Z,200,393.495,1,0,
1771625655,2026-02-20T22:14:15Z,200,420.966,1,0,
1771625661,2026-02-20T22:14:21Z,200,200.698,1,0,
1771625666,2026-02-20T22:14:26Z,200,335.152,1,0,
1771625672,2026-02-20T22:14:32Z,200,290.841,1,0,
1771625678,2026-02-20T22:14:38Z,200,440.367,1,0,
1771625683,2026-02-20T22:14:43Z,200,318.529,1,0,
1771625689,2026-02-20T22:14:49Z,200,219.923,1,0,
1771625694,2026-02-20T22:14:54Z,200,327.365,1,0,
1771625700,2026-02-20T22:15:00Z,200,1591.247,1,0,
1771625707,2026-02-20T22:15:07Z,200,203.857,1,0,
1771625712,2026-02-20T22:15:12Z,200,640.008,1,0,
1771625718,2026-02-20T22:15:18Z,200,586.417,1,0,
1771625723,2026-02-20T22:15:23Z,200,412.075,1,0,
1771625729,2026-02-20T22:15:29Z,200,383.553,1,0,
1771625735,2026-02-20T22:15:35Z,200,386.671,1,0,
1771625740,2026-02-20T22:15:40Z,200,246.719,1,0,
1771625746,2026-02-20T22:15:46Z,200,386.436,1,0,
1771625751,2026-02-20T22:15:51Z,200,602.097,1,0,
1771625757,2026-02-20T22:15:57Z,200,334.234,1,0,
1771625763,2026-02-20T22:16:03Z,200,335.883,1,0,
1771625768,2026-02-20T22:16:08Z,200,211.690,1,0,
1771625774,2026-02-20T22:16:14Z,200,234.832,1,0,
1771625779,2026-02-20T22:16:19Z,200,359.143,1,0,
1771625785,2026-02-20T22:16:25Z,200,299.558,1,0,
1771625790,2026-02-20T22:16:30Z,200,612.008,1,0,
1771625796,2026-02-20T22:16:36Z,200,250.796,1,0,
1771625801,2026-02-20T22:16:41Z,200,223.779,1,0,
1771625807,2026-02-20T22:16:47Z,200,331.094,1,0,
1771625812,2026-02-20T22:16:52Z,200,583.187,1,0,
1771625818,2026-02-20T22:16:58Z,200,407.679,1,0,
1771625824,2026-02-20T22:17:04Z,200,456.522,1,0,
1771625830,2026-02-20T22:17:10Z,200,537.365,1,0,
1771625836,2026-02-20T22:17:16Z,200,316.961,1,0,
1771625842,2026-02-20T22:17:22Z,200,452.380,1,0,
1771625847,2026-02-20T22:17:27Z,200,241.374,1,0,
1771625853,2026-02-20T22:17:33Z,200,179.169,1,0,
1771625858,2026-02-20T22:17:38Z,200,1993.630,1,0,
1771625865,2026-02-20T22:17:45Z,200,494.013,1,0,
1771625871,2026-02-20T22:17:51Z,200,284.986,1,0,
1771625877,2026-02-20T22:17:57Z,200,294.400,1,0,
1771625882,2026-02-20T22:18:02Z,200,282.156,1,0,
1771625888,2026-02-20T22:18:08Z,200,244.178,1,0,
1771625893,2026-02-20T22:18:13Z,200,913.478,1,0,
1771625899,2026-02-20T22:18:19Z,200,308.943,1,0,
1771625905,2026-02-20T22:18:25Z,200,283.794,1,0,
1771625910,2026-02-20T22:18:30Z,200,846.566,1,0,
1771625916,2026-02-20T22:18:36Z,200,177.791,1,0,
1771625922,2026-02-20T22:18:42Z,200,372.143,1,0,
1771625927,2026-02-20T22:18:47Z,200,289.472,1,0,
1771625933,2026-02-20T22:18:53Z,200,274.568,1,0,
1771625938,2026-02-20T22:18:58Z,200,186.230,1,0,
1771625944,2026-02-20T22:19:04Z,200,311.962,1,0,
1771625949,2026-02-20T22:19:09Z,200,268.494,1,0,
1771625955,2026-02-20T22:19:15Z,200,256.277,1,0,
1771625960,2026-02-20T22:19:20Z,200,387.371,1,0,
1771625966,2026-02-20T22:19:26Z,200,307.305,1,0,
1771625971,2026-02-20T22:19:31Z,200,988.770,1,0,
1771625978,2026-02-20T22:19:38Z,200,213.147,1,0,
1771625983,2026-02-20T22:19:43Z,200,532.825,1,0,
1771625989,2026-02-20T22:19:49Z,200,303.234,1,0,
1771625994,2026-02-20T22:19:54Z,200,227.539,1,0,
1771626000,2026-02-20T22:20:00Z,200,1463.053,1,0,
1771626006,2026-02-20T22:20:06Z,200,377.497,1,0,
1771626012,2026-02-20T22:20:12Z,200,204.804,1,0,
1771626017,2026-02-20T22:20:17Z,200,219.452,1,0,
1771626023,2026-02-20T22:20:23Z,200,568.688,1,0,
1771626029,2026-02-20T22:20:29Z,200,328.589,1,0,
1771626034,2026-02-20T22:20:34Z,200,402.498,1,0,
1771626040,2026-02-20T22:20:40Z,200,185.106,1,0,
1771626045,2026-02-20T22:20:45Z,200,924.439,1,0,
1771626051,2026-02-20T22:20:51Z,200,204.516,1,0,
1771626057,2026-02-20T22:20:57Z,200,210.154,1,0,
1771626062,2026-02-20T22:21:02Z,200,237.309,1,0,
1771626067,2026-02-20T22:21:07Z,200,281.421,1,0,
1771626073,2026-02-20T22:21:13Z,200,309.380,1,0,
1771626079,2026-02-20T22:21:19Z,200,389.260,1,0,
1771626084,2026-02-20T22:21:24Z,200,364.930,1,0,
1771626090,2026-02-20T22:21:30Z,200,286.664,1,0,
1771626095,2026-02-20T22:21:35Z,200,213.114,1,0,
1771626101,2026-02-20T22:21:41Z,200,226.332,1,0,
1771626106,2026-02-20T22:21:46Z,200,550.327,1,0,
1771626112,2026-02-20T22:21:52Z,200,365.514,1,0,
1771626118,2026-02-20T22:21:58Z,200,320.202,1,0,
1771626123,2026-02-20T22:22:03Z,200,365.170,1,0,
1771626129,2026-02-20T22:22:09Z,200,286.634,1,0,
1771626134,2026-02-20T22:22:14Z,200,353.813,1,0,
1771626140,2026-02-20T22:22:20Z,200,340.497,1,0,
1771626145,2026-02-20T22:22:25Z,200,524.211,1,0,
1771626151,2026-02-20T22:22:31Z,200,378.921,1,0,
1771626157,2026-02-20T22:22:37Z,200,572.054,1,0,
1771626162,2026-02-20T22:22:42Z,200,248.636,1,0,
1771626168,2026-02-20T22:22:48Z,200,571.606,1,0,
1771626174,2026-02-20T22:22:54Z,200,487.001,1,0,
1771626179,2026-02-20T22:22:59Z,200,334.493,1,0,
1771626185,2026-02-20T22:23:05Z,200,518.066,1,0,
1771626191,2026-02-20T22:23:11Z,200,365.257,1,0,
1771626196,2026-02-20T22:23:16Z,200,366.901,1,0,
1771626202,2026-02-20T22:23:22Z,200,394.658,1,0,
1771626207,2026-02-20T22:23:27Z,200,226.965,1,0,
1771626213,2026-02-20T22:23:33Z,200,171.106,1,0,
1771626218,2026-02-20T22:23:38Z,200,224.029,1,0,
1771626224,2026-02-20T22:23:44Z,200,237.098,1,0,
1771626229,2026-02-20T22:23:49Z,200,390.932,1,0,
1771626235,2026-02-20T22:23:55Z,200,404.609,1,0,
1771626240,2026-02-20T22:24:00Z,200,525.540,1,0,
1771626246,2026-02-20T22:24:06Z,200,507.566,1,0,
1771626252,2026-02-20T22:24:12Z,200,453.920,1,0,
1771626257,2026-02-20T22:24:17Z,200,429.610,1,0,
1771626263,2026-02-20T22:24:23Z,200,185.410,1,0,
1771626268,2026-02-20T22:24:28Z,200,205.570,1,0,
1771626274,2026-02-20T22:24:34Z,200,190.271,1,0,
1771626279,2026-02-20T22:24:39Z,200,264.163,1,0,
1771626285,2026-02-20T22:24:45Z,200,301.499,1,0,
1771626290,2026-02-20T22:24:50Z,200,365.503,1,0,
1771626296,2026-02-20T22:24:56Z,200,273.362,1,0,
1771626301,2026-02-20T22:25:01Z,200,269.893,1,0,
1771626307,2026-02-20T22:25:07Z,200,381.320,1,0,
1771626312,2026-02-20T22:25:12Z,200,456.717,1,0,
1771626318,2026-02-20T22:25:18Z,200,235.317,1,0,
1771626324,2026-02-20T22:25:24Z,200,239.022,1,0,
1771626329,2026-02-20T22:25:29Z,200,211.921,1,0,
1771626334,2026-02-20T22:25:34Z,200,274.702,1,0,
1771626340,2026-02-20T22:25:40Z,200,301.450,1,0,
1771626345,2026-02-20T22:25:45Z,200,223.924,1,0,
1771626351,2026-02-20T22:25:51Z,200,180.059,1,0,
1771626356,2026-02-20T22:25:56Z,200,185.335,1,0,
1771626362,2026-02-20T22:26:02Z,200,311.334,1,0,
1771626367,2026-02-20T22:26:07Z,200,343.233,1,0,
1771626373,2026-02-20T22:26:13Z,200,222.606,1,0,
1771626378,2026-02-20T22:26:18Z,200,579.791,1,0,
1771626384,2026-02-20T22:26:24Z,200,195.983,1,0,
1771626389,2026-02-20T22:26:29Z,200,309.266,1,0,
1771626395,2026-02-20T22:26:35Z,200,266.174,1,0,
1771626400,2026-02-20T22:26:40Z,200,589.399,1,0,
1771626406,2026-02-20T22:26:46Z,200,397.859,1,0,
1771626412,2026-02-20T22:26:52Z,200,187.973,1,0,
1771626417,2026-02-20T22:26:57Z,200,595.285,1,0,
1771626423,2026-02-20T22:27:03Z,200,283.918,1,0,
1771626428,2026-02-20T22:27:08Z,200,176.491,1,0,
1771626434,2026-02-20T22:27:14Z,200,414.965,1,0,
1771626439,2026-02-20T22:27:19Z,200,192.047,1,0,
1771626445,2026-02-20T22:27:25Z,200,378.605,1,0,
1771626451,2026-02-20T22:27:31Z,200,258.836,1,0,
1771626456,2026-02-20T22:27:36Z,200,297.035,1,0,
1771626462,2026-02-20T22:27:42Z,200,331.777,1,0,
1771626467,2026-02-20T22:27:47Z,200,461.790,1,0,
1771626473,2026-02-20T22:27:53Z,200,198.730,1,0,
1771626478,2026-02-20T22:27:58Z,200,462.882,1,0,
1771626484,2026-02-20T22:28:04Z,200,252.874,1,0,
1771626489,2026-02-20T22:28:09Z,200,179.889,1,0,
1771626495,2026-02-20T22:28:15Z,200,591.546,1,0,
1771626501,2026-02-20T22:28:21Z,200,314.545,1,0,
1771626506,2026-02-20T22:28:26Z,200,214.598,1,0,
1771626512,2026-02-20T22:28:32Z,200,285.140,1,0,
1771626517,2026-02-20T22:28:37Z,200,192.285,1,0,
1771626523,2026-02-20T22:28:43Z,200,279.374,1,0,
1771626528,2026-02-20T22:28:48Z,200,228.882,1,0,
1771626533,2026-02-20T22:28:53Z,200,289.976,1,0,
1771626539,2026-02-20T22:28:59Z,200,202.012,1,0,
1771626544,2026-02-20T22:29:04Z,200,682.619,1,0,
1771626550,2026-02-20T22:29:10Z,200,182.245,1,0,
1771626556,2026-02-20T22:29:16Z,200,239.399,1,0,
1771626561,2026-02-20T22:29:21Z,200,193.370,1,0,
1771626567,2026-02-20T22:29:27Z,200,617.192,1,0,
1771626573,2026-02-20T22:29:33Z,200,474.850,1,0,
1771626578,2026-02-20T22:29:38Z,200,194.734,1,0,
1771626584,2026-02-20T22:29:44Z,200,301.005,1,0,
1771626589,2026-02-20T22:29:49Z,200,302.129,1,0,
1771626595,2026-02-20T22:29:55Z,200,339.893,1,0,
1771626600,2026-02-20T22:30:00Z,200,700.299,1,0,
1771626606,2026-02-20T22:30:06Z,200,266.933,1,0,
1771626612,2026-02-20T22:30:12Z,200,421.898,1,0,
1771626617,2026-02-20T22:30:17Z,200,317.895,1,0,
1771626623,2026-02-20T22:30:23Z,200,288.236,1,0,
1771626628,2026-02-20T22:30:28Z,200,590.925,1,0,
1771626634,2026-02-20T22:30:34Z,200,258.684,1,0,
1771626639,2026-02-20T22:30:39Z,200,240.662,1,0,
1771626645,2026-02-20T22:30:45Z,200,877.539,1,0,
1771626651,2026-02-20T22:30:51Z,200,478.126,1,0,
1771626657,2026-02-20T22:30:57Z,200,385.587,1,0,
1771626662,2026-02-20T22:31:02Z,200,328.502,1,0,
1771626668,2026-02-20T22:31:08Z,200,514.282,1,0,
1771626674,2026-02-20T22:31:14Z,200,377.385,1,0,
1771626679,2026-02-20T22:31:19Z,200,270.466,1,0,
1771626685,2026-02-20T22:31:25Z,200,471.039,1,0,
1771626690,2026-02-20T22:31:30Z,200,295.734,1,0,
1771626696,2026-02-20T22:31:36Z,200,299.351,1,0,
1771626701,2026-02-20T22:31:41Z,200,293.288,1,0,
1771626707,2026-02-20T22:31:47Z,200,455.893,1,0,
1771626713,2026-02-20T22:31:53Z,200,366.039,1,0,
1771626718,2026-02-20T22:31:58Z,200,286.929,1,0,
1771626724,2026-02-20T22:32:04Z,200,269.137,1,0,
1771626729,2026-02-20T22:32:09Z,200,508.816,1,0,
1771626735,2026-02-20T22:32:15Z,200,263.176,1,0,
1771626740,2026-02-20T22:32:20Z,200,203.525,1,0,
1771626746,2026-02-20T22:32:26Z,200,235.439,1,0,
1771626751,2026-02-20T22:32:31Z,200,468.547,1,0,
1771626757,2026-02-20T22:32:37Z,200,275.449,1,0,
1771626762,2026-02-20T22:32:42Z,200,352.688,1,0,
1771626768,2026-02-20T22:32:48Z,200,186.675,1,0,
1771626773,2026-02-20T22:32:53Z,200,221.422,1,0,
1771626779,2026-02-20T22:32:59Z,200,218.386,1,0,
1771626784,2026-02-20T22:33:04Z,200,374.542,1,0,
1771626790,2026-02-20T22:33:10Z,200,493.100,1,0,
1771626796,2026-02-20T22:33:16Z,200,337.696,1,0,
1771626801,2026-02-20T22:33:21Z,200,478.927,1,0,
1771626807,2026-02-20T22:33:27Z,200,389.717,1,0,
1771626812,2026-02-20T22:33:32Z,200,966.756,1,0,
1771626819,2026-02-20T22:33:39Z,200,244.553,1,0,
1771626824,2026-02-20T22:33:44Z,200,1684.597,1,0,
1771626831,2026-02-20T22:33:51Z,200,390.539,1,0,
1771626837,2026-02-20T22:33:57Z,200,405.128,1,0,
1771626842,2026-02-20T22:34:02Z,200,469.592,1,0,
1771626848,2026-02-20T22:34:08Z,200,546.388,1,0,
1771626854,2026-02-20T22:34:14Z,200,378.445,1,0,
1771626859,2026-02-20T22:34:19Z,200,383.403,1,0,
1771626865,2026-02-20T22:34:25Z,200,184.727,1,0,
1771626870,2026-02-20T22:34:30Z,200,414.981,1,0,
1771626876,2026-02-20T22:34:36Z,200,400.947,1,0,
1771626881,2026-02-20T22:34:41Z,200,204.332,1,0,
1771626887,2026-02-20T22:34:47Z,200,326.266,1,0,
1771626892,2026-02-20T22:34:52Z,200,889.217,1,0,
1771626899,2026-02-20T22:34:59Z,200,312.361,1,0,
1771626904,2026-02-20T22:35:04Z,200,344.982,1,0,
1771626910,2026-02-20T22:35:10Z,200,232.460,1,0,
1771626915,2026-02-20T22:35:15Z,200,458.395,1,0,
1771626921,2026-02-20T22:35:21Z,200,348.861,1,0,
1771626926,2026-02-20T22:35:26Z,200,368.307,1,0,
1771626932,2026-02-20T22:35:32Z,200,482.032,1,0,
1771626938,2026-02-20T22:35:38Z,200,405.783,1,0,
1771626943,2026-02-20T22:35:43Z,200,454.258,1,0,
1771626949,2026-02-20T22:35:49Z,200,304.501,1,0,
1771626954,2026-02-20T22:35:54Z,200,509.458,1,0,
1771626960,2026-02-20T22:36:00Z,200,394.817,1,0,
1771626966,2026-02-20T22:36:06Z,200,686.002,1,0,
1771626972,2026-02-20T22:36:12Z,200,394.710,1,0,
1771626977,2026-02-20T22:36:17Z,200,190.666,1,0,
1771626983,2026-02-20T22:36:23Z,200,308.624,1,0,
1771626988,2026-02-20T22:36:28Z,200,363.966,1,0,
1771626994,2026-02-20T22:36:34Z,200,209.756,1,0,
1771626999,2026-02-20T22:36:39Z,200,334.905,1,0,
1771627005,2026-02-20T22:36:45Z,200,365.930,1,0,
1771627010,2026-02-20T22:36:50Z,200,338.587,1,0,
1771627016,2026-02-20T22:36:56Z,200,294.126,1,0,
1771627022,2026-02-20T22:37:02Z,200,423.413,1,0,
1771627027,2026-02-20T22:37:07Z,200,250.172,1,0,
1771627033,2026-02-20T22:37:13Z,200,181.480,1,0,
1771627038,2026-02-20T22:37:18Z,200,405.745,1,0,
1771627044,2026-02-20T22:37:24Z,200,225.197,1,0,
1771627049,2026-02-20T22:37:29Z,200,284.401,1,0,
1771627055,2026-02-20T22:37:35Z,200,311.240,1,0,
1771627060,2026-02-20T22:37:40Z,200,464.630,1,0,
1771627066,2026-02-20T22:37:46Z,200,240.933,1,0,
1771627071,2026-02-20T22:37:51Z,200,376.216,1,0,
1771627077,2026-02-20T22:37:57Z,200,429.407,1,0,
1771627083,2026-02-20T22:38:03Z,200,1102.342,1,0,
1771627089,2026-02-20T22:38:09Z,200,404.327,1,0,
1771627095,2026-02-20T22:38:15Z,200,1404.183,1,0,
1771627101,2026-02-20T22:38:21Z,200,272.432,1,0,
1771627107,2026-02-20T22:38:27Z,200,522.638,1,0,
1771627112,2026-02-20T22:38:32Z,200,199.021,1,0,
1771627118,2026-02-20T22:38:38Z,200,192.155,1,0,
1771627123,2026-02-20T22:38:43Z,200,293.705,1,0,
1771627129,2026-02-20T22:38:49Z,200,317.640,1,0,
1771627134,2026-02-20T22:38:54Z,200,311.435,1,0,
1771627140,2026-02-20T22:39:00Z,200,1131.871,1,0,
1771627146,2026-02-20T22:39:06Z,200,402.299,1,0,
1771627152,2026-02-20T22:39:12Z,200,596.381,1,0,
1771627158,2026-02-20T22:39:18Z,200,201.015,1,0,
1771627163,2026-02-20T22:39:23Z,200,384.306,1,0,
1771627169,2026-02-20T22:39:29Z,200,340.911,1,0,
1771627174,2026-02-20T22:39:34Z,200,422.565,1,0,
1771627180,2026-02-20T22:39:40Z,200,178.966,1,0,
1771627185,2026-02-20T22:39:45Z,200,228.485,1,0,
1771627191,2026-02-20T22:39:51Z,200,345.425,1,0,
1771627196,2026-02-20T22:39:56Z,200,249.577,1,0,
1771627202,2026-02-20T22:40:02Z,200,3609.273,1,0,
1771627210,2026-02-20T22:40:10Z,200,1498.380,1,0,
1771627217,2026-02-20T22:40:17Z,200,306.997,1,0,
1771627223,2026-02-20T22:40:23Z,200,604.323,1,0,
1771627229,2026-02-20T22:40:29Z,200,288.653,1,0,
1771627234,2026-02-20T22:40:34Z,200,304.342,1,0,
1771627240,2026-02-20T22:40:40Z,200,652.003,1,0,
1771627245,2026-02-20T22:40:45Z,200,305.008,1,0,
1771627251,2026-02-20T22:40:51Z,200,271.786,1,0,
1771627256,2026-02-20T22:40:56Z,200,542.830,1,0,
1771627262,2026-02-20T22:41:02Z,200,356.688,1,0,
1771627268,2026-02-20T22:41:08Z,200,356.953,1,0,
1771627273,2026-02-20T22:41:13Z,200,960.205,1,0,
1771627280,2026-02-20T22:41:20Z,200,284.456,1,0,
1771627285,2026-02-20T22:41:25Z,200,191.937,1,0,
1771627290,2026-02-20T22:41:30Z,200,522.554,1,0,
1771627296,2026-02-20T22:41:36Z,200,294.944,1,0,
1771627302,2026-02-20T22:41:42Z,200,336.748,1,0,
1771627307,2026-02-20T22:41:47Z,200,419.769,1,0,
1771627313,2026-02-20T22:41:53Z,200,183.937,1,0,
1771627318,2026-02-20T22:41:58Z,200,366.192,1,0,
1771627324,2026-02-20T22:42:04Z,200,251.740,1,0,
1771627329,2026-02-20T22:42:09Z,200,410.309,1,0,
1771627335,2026-02-20T22:42:15Z,200,330.290,1,0,
1771627341,2026-02-20T22:42:21Z,200,519.723,1,0,
1771627346,2026-02-20T22:42:26Z,200,234.239,1,0,
1771627352,2026-02-20T22:42:32Z,200,209.039,1,0,
1771627357,2026-02-20T22:42:37Z,200,277.551,1,0,
1771627363,2026-02-20T22:42:43Z,200,348.332,1,0,
1771627368,2026-02-20T22:42:48Z,200,392.581,1,0,
1771627374,2026-02-20T22:42:54Z,200,359.828,1,0,
1771627379,2026-02-20T22:42:59Z,200,568.162,1,0,
1771627385,2026-02-20T22:43:05Z,200,636.955,1,0,
1771627391,2026-02-20T22:43:11Z,200,341.999,1,0,
1771627397,2026-02-20T22:43:17Z,200,191.288,1,0,
1771627402,2026-02-20T22:43:22Z,200,527.130,1,0,
1771627408,2026-02-20T22:43:28Z,200,297.219,1,0,
1771627413,2026-02-20T22:43:33Z,200,229.006,1,0,
1771627419,2026-02-20T22:43:39Z,200,272.857,1,0,
1771627424,2026-02-20T22:43:44Z,200,603.972,1,0,
1771627430,2026-02-20T22:43:50Z,200,711.999,1,0,
1771627436,2026-02-20T22:43:56Z,200,365.008,1,0,
1771627442,2026-02-20T22:44:02Z,200,325.118,1,0,
1771627447,2026-02-20T22:44:07Z,200,431.961,1,0,
1771627453,2026-02-20T22:44:13Z,200,391.257,1,0,
1771627458,2026-02-20T22:44:18Z,200,309.605,1,0,
1771627464,2026-02-20T22:44:24Z,200,395.407,1,0,
1771627470,2026-02-20T22:44:30Z,200,182.340,1,0,
1771627475,2026-02-20T22:44:35Z,200,442.702,1,0,
1771627481,2026-02-20T22:44:41Z,200,226.623,1,0,
1771627486,2026-02-20T22:44:46Z,200,578.887,1,0,
1771627492,2026-02-20T22:44:52Z,200,216.231,1,0,
1771627497,2026-02-20T22:44:57Z,200,284.076,1,0,
1771627503,2026-02-20T22:45:03Z,200,1478.693,1,0,
1771627509,2026-02-20T22:45:10Z,200,395.587,1,0,
1771627515,2026-02-20T22:45:15Z,200,464.045,1,0,
1771627521,2026-02-20T22:45:21Z,200,407.865,1,0,
1771627526,2026-02-20T22:45:26Z,200,339.326,1,0,
1771627532,2026-02-20T22:45:32Z,200,335.007,1,0,
1771627538,2026-02-20T22:45:38Z,200,188.124,1,0,
1771627543,2026-02-20T22:45:43Z,200,459.896,1,0,
1771627549,2026-02-20T22:45:49Z,200,298.430,1,0,
1771627554,2026-02-20T22:45:54Z,200,569.483,1,0,
1771627560,2026-02-20T22:46:00Z,200,246.405,1,0,
1771627565,2026-02-20T22:46:05Z,200,379.241,1,0,
1771627571,2026-02-20T22:46:11Z,200,249.177,1,0,
1771627576,2026-02-20T22:46:16Z,200,329.031,1,0,
1771627582,2026-02-20T22:46:22Z,200,369.244,1,0,
1771627588,2026-02-20T22:46:28Z,200,193.513,1,0,
1771627593,2026-02-20T22:46:33Z,200,877.808,1,0,
1771627599,2026-02-20T22:46:39Z,200,527.459,1,0,
1771627605,2026-02-20T22:46:45Z,200,482.509,1,0,
1771627611,2026-02-20T22:46:51Z,200,320.512,1,0,
1771627616,2026-02-20T22:46:56Z,200,201.864,1,0,
1771627621,2026-02-20T22:47:01Z,200,305.772,1,0,
1771627627,2026-02-20T22:47:07Z,200,268.661,1,0,
1771627632,2026-02-20T22:47:12Z,200,383.529,1,0,
1771627638,2026-02-20T22:47:18Z,200,479.081,1,0,
1771627644,2026-02-20T22:47:24Z,200,353.015,1,0,
1771627650,2026-02-20T22:47:30Z,200,240.755,1,0,
1771627655,2026-02-20T22:47:35Z,200,472.628,1,0,
1771627661,2026-02-20T22:47:41Z,200,280.247,1,0,
1771627667,2026-02-20T22:47:47Z,200,696.453,1,0,
1771627673,2026-02-20T22:47:53Z,200,302.237,1,0,
1771627679,2026-02-20T22:47:59Z,200,207.969,1,0,
1771627684,2026-02-20T22:48:04Z,200,342.634,1,0,
1771627690,2026-02-20T22:48:10Z,200,203.135,1,0,
1771627695,2026-02-20T22:48:15Z,200,232.118,1,0,
1771627701,2026-02-20T22:48:21Z,200,350.557,1,0,
1771627706,2026-02-20T22:48:26Z,200,305.225,1,0,
1771627712,2026-02-20T22:48:32Z,200,293.558,1,0,
1771627718,2026-02-20T22:48:38Z,200,302.666,1,0,
1771627723,2026-02-20T22:48:43Z,200,473.119,1,0,
1771627729,2026-02-20T22:48:49Z,200,348.912,1,0,
1771627735,2026-02-20T22:48:55Z,200,406.797,1,0,
1771627740,2026-02-20T22:49:00Z,200,511.559,1,0,
1771627746,2026-02-20T22:49:06Z,200,1121.539,1,0,
1771627752,2026-02-20T22:49:12Z,200,240.409,1,0,
1771627758,2026-02-20T22:49:18Z,200,332.275,1,0,
1771627764,2026-02-20T22:49:24Z,200,189.215,1,0,
1771627769,2026-02-20T22:49:29Z,200,339.752,1,0,
1771627775,2026-02-20T22:49:35Z,200,277.948,1,0,
1771627781,2026-02-20T22:49:41Z,200,298.577,1,0,
1771627786,2026-02-20T22:49:46Z,200,220.038,1,0,
1771627792,2026-02-20T22:49:52Z,200,379.677,1,0,
1771627798,2026-02-20T22:49:58Z,200,416.453,1,0,
1771627804,2026-02-20T22:50:04Z,200,217.941,1,0,
1771627809,2026-02-20T22:50:09Z,200,278.896,1,0,
1771627815,2026-02-20T22:50:15Z,200,201.666,1,0,
1771627820,2026-02-20T22:50:20Z,200,467.095,1,0,
1771627826,2026-02-20T22:50:26Z,200,516.609,1,0,
1771627832,2026-02-20T22:50:32Z,200,445.347,1,0,
1771627838,2026-02-20T22:50:38Z,200,184.796,1,0,
1771627843,2026-02-20T22:50:43Z,200,590.596,1,0,
1771627849,2026-02-20T22:50:49Z,200,198.154,1,0,
1771627855,2026-02-20T22:50:55Z,200,259.315,1,0,
1771627861,2026-02-20T22:51:01Z,200,323.172,1,0,
1771627866,2026-02-20T22:51:06Z,200,251.010,1,0,
1771627872,2026-02-20T22:51:12Z,200,243.711,1,0,
1771627879,2026-02-20T22:51:19Z,200,230.694,1,0,
1771627885,2026-02-20T22:51:25Z,200,446.637,1,0,
1771627890,2026-02-20T22:51:30Z,200,219.396,1,0,
1771627896,2026-02-20T22:51:36Z,200,405.365,1,0,
1771627901,2026-02-20T22:51:42Z,200,581.155,1,0,
1771627907,2026-02-20T22:51:47Z,200,356.906,1,0,
1771627913,2026-02-20T22:51:53Z,200,255.977,1,0,
1771627919,2026-02-20T22:51:59Z,200,322.041,1,0,
1771627925,2026-02-20T22:52:05Z,200,619.756,1,0,
1771627931,2026-02-20T22:52:11Z,200,1756.028,1,0,
1771627938,2026-02-20T22:52:18Z,200,228.174,1,0,
1771627944,2026-02-20T22:52:24Z,200,391.879,1,0,
1771627950,2026-02-20T22:52:30Z,200,657.548,1,0,
1771627956,2026-02-20T22:52:36Z,200,317.161,1,0,
1771627961,2026-02-20T22:52:41Z,200,360.411,1,0,
1771627967,2026-02-20T22:52:47Z,200,255.720,1,0,
1771627973,2026-02-20T22:52:53Z,200,187.153,1,0,
1771627978,2026-02-20T22:52:58Z,200,280.625,1,0,
1771627984,2026-02-20T22:53:04Z,200,304.989,1,0,
1771627990,2026-02-20T22:53:10Z,200,317.505,1,0,
1771627995,2026-02-20T22:53:15Z,200,296.249,1,0,
1771628001,2026-02-20T22:53:21Z,200,309.338,1,0,
1771628007,2026-02-20T22:53:27Z,200,365.591,1,0,
1771628012,2026-02-20T22:53:32Z,200,520.729,1,0,
1771628018,2026-02-20T22:53:38Z,200,196.985,1,0,
1771628023,2026-02-20T22:53:43Z,200,716.204,1,0,
1771628029,2026-02-20T22:53:49Z,200,417.651,1,0,
1771628035,2026-02-20T22:53:55Z,200,198.085,1,0,
1771628040,2026-02-20T22:54:00Z,200,1000.015,1,0,
1771628047,2026-02-20T22:54:07Z,200,407.791,1,0,
1771628053,2026-02-20T22:54:13Z,200,334.103,1,0,
1771628058,2026-02-20T22:54:18Z,200,423.681,1,0,
1771628064,2026-02-20T22:54:24Z,200,259.183,1,0,
1771628070,2026-02-20T22:54:30Z,200,261.187,1,0,
1771628075,2026-02-20T22:54:35Z,200,436.333,1,0,
1771628081,2026-02-20T22:54:41Z,200,211.013,1,0,
1771628087,2026-02-20T22:54:47Z,200,182.515,1,0,
1771628092,2026-02-20T22:54:52Z,200,309.262,1,0,
1771628097,2026-02-20T22:54:57Z,200,283.208,1,0,
1771628103,2026-02-20T22:55:03Z,200,1649.415,1,0,
1771628110,2026-02-20T22:55:10Z,200,518.268,1,0,
1771628115,2026-02-20T22:55:15Z,200,551.377,1,0,
1771628121,2026-02-20T22:55:21Z,200,367.779,1,0,
1771628127,2026-02-20T22:55:27Z,200,224.264,1,0,
1771628132,2026-02-20T22:55:32Z,200,357.796,1,0,
1771628138,2026-02-20T22:55:38Z,200,305.063,1,0,
1771628143,2026-02-20T22:55:43Z,200,433.173,1,0,
1771628149,2026-02-20T22:55:49Z,200,402.355,1,0,
1771628155,2026-02-20T22:55:55Z,200,356.829,1,0,
1771628160,2026-02-20T22:56:00Z,200,254.626,1,0,
1771628166,2026-02-20T22:56:06Z,200,383.341,1,0,
1771628171,2026-02-20T22:56:11Z,200,201.685,1,0,
1771628177,2026-02-20T22:56:17Z,200,354.979,1,0,
1771628182,2026-02-20T22:56:22Z,200,609.516,1,0,
1771628188,2026-02-20T22:56:28Z,200,243.159,1,0,
1771628194,2026-02-20T22:56:34Z,200,205.211,1,0,
1771628199,2026-02-20T22:56:39Z,200,730.130,1,0,
1771628205,2026-02-20T22:56:45Z,200,191.945,1,0,
1771628211,2026-02-20T22:56:51Z,200,482.144,1,0,
1771628216,2026-02-20T22:56:56Z,200,4261.647,1,0,
1771628226,2026-02-20T22:57:06Z,200,466.110,1,0,
1771628232,2026-02-20T22:57:12Z,200,336.001,1,0,
1771628237,2026-02-20T22:57:17Z,200,442.956,1,0,
1771628243,2026-02-20T22:57:23Z,200,552.745,1,0,
1771628249,2026-02-20T22:57:29Z,200,204.103,1,0,
1771628254,2026-02-20T22:57:34Z,200,302.298,1,0,
1771628260,2026-02-20T22:57:40Z,200,393.893,1,0,
1771628265,2026-02-20T22:57:45Z,200,594.561,1,0,
1771628271,2026-02-20T22:57:51Z,200,513.698,1,0,
1771628278,2026-02-20T22:57:58Z,200,1366.834,1,0,
1771628294,2026-02-20T22:58:14Z,200,345.218,1,0,
1771628300,2026-02-20T22:58:20Z,200,828.703,1,0,
1771628306,2026-02-20T22:58:26Z,200,365.468,1,0,
1771628312,2026-02-20T22:58:32Z,200,252.923,1,0,
1771628317,2026-02-20T22:58:37Z,200,295.381,1,0,
1771628323,2026-02-20T22:58:43Z,200,696.231,1,0,
1771628329,2026-02-20T22:58:49Z,200,382.724,1,0,
1771628334,2026-02-20T22:58:54Z,200,392.949,1,0,
1771628340,2026-02-20T22:59:00Z,200,1243.175,1,0,
1771628346,2026-02-20T22:59:06Z,200,256.956,1,0,
1771628352,2026-02-20T22:59:12Z,200,243.141,1,0,
1771628357,2026-02-20T22:59:17Z,200,248.411,1,0,
1771628362,2026-02-20T22:59:22Z,200,270.000,1,0,
1771628368,2026-02-20T22:59:28Z,200,239.291,1,0,
1771628373,2026-02-20T22:59:33Z,200,605.904,1,0,
1771628379,2026-02-20T22:59:39Z,200,367.007,1,0,
1771628385,2026-02-20T22:59:45Z,200,313.589,1,0,
1771628390,2026-02-20T22:59:50Z,200,209.217,1,0,
1771628396,2026-02-20T22:59:56Z,200,267.398,1,0,
1771628401,2026-02-20T23:00:01Z,000,5005.495,0,28,curl: (28) Connection timed out after 5005 milliseconds
1771628411,2026-02-20T23:00:11Z,200,378.949,1,0,
1771628417,2026-02-20T23:00:17Z,200,1086.756,1,0,
1771628423,2026-02-20T23:00:23Z,200,790.866,1,0,
1771628429,2026-02-20T23:00:29Z,200,452.364,1,0,
1771628435,2026-02-20T23:00:35Z,200,243.134,1,0,
1771628440,2026-02-20T23:00:40Z,200,626.181,1,0,
1771628446,2026-02-20T23:00:46Z,200,373.600,1,0,
1771628452,2026-02-20T23:00:52Z,200,229.185,1,0,
1771628457,2026-02-20T23:00:57Z,200,359.904,1,0,
1771628463,2026-02-20T23:01:03Z,200,740.854,1,0,
1771628469,2026-02-20T23:01:09Z,200,461.344,1,0,
1771628474,2026-02-20T23:01:14Z,200,292.528,1,0,
1771628480,2026-02-20T23:01:20Z,200,275.921,1,0,
1771628485,2026-02-20T23:01:25Z,200,289.731,1,0,
1771628491,2026-02-20T23:01:31Z,200,188.858,1,0,
1771628496,2026-02-20T23:01:36Z,200,191.549,1,0,
1771628502,2026-02-20T23:01:42Z,200,321.757,1,0,
1771628507,2026-02-20T23:01:47Z,200,307.503,1,0,
1771628513,2026-02-20T23:01:53Z,200,178.307,1,0,
1771628518,2026-02-20T23:01:58Z,200,240.260,1,0,
1771628524,2026-02-20T23:02:04Z,200,373.909,1,0,
1771628530,2026-02-20T23:02:10Z,200,813.766,1,0,
1771628536,2026-02-20T23:02:16Z,200,301.607,1,0,
1771628541,2026-02-20T23:02:21Z,200,306.026,1,0,
1771628547,2026-02-20T23:02:27Z,200,534.434,1,0,
1771628552,2026-02-20T23:02:32Z,200,263.775,1,0,
1771628558,2026-02-20T23:02:38Z,200,307.354,1,0,
1771628563,2026-02-20T23:02:43Z,200,222.911,1,0,
1771628569,2026-02-20T23:02:49Z,200,271.478,1,0,
1771628574,2026-02-20T23:02:54Z,200,429.582,1,0,
1771628580,2026-02-20T23:03:00Z,200,831.450,1,0,
1771628586,2026-02-20T23:03:06Z,200,410.300,1,0,
1771628592,2026-02-20T23:03:12Z,200,505.173,1,0,
1771628597,2026-02-20T23:03:17Z,200,312.970,1,0,
1771628603,2026-02-20T23:03:23Z,200,298.286,1,0,
1771628608,2026-02-20T23:03:28Z,200,276.004,1,0,
1771628614,2026-02-20T23:03:34Z,200,218.394,1,0,
1771628619,2026-02-20T23:03:39Z,200,180.640,1,0,
1771628625,2026-02-20T23:03:45Z,200,645.275,1,0,
1771628630,2026-02-20T23:03:50Z,200,337.731,1,0,
1771628636,2026-02-20T23:03:56Z,200,398.458,1,0,
1771628642,2026-02-20T23:04:02Z,200,830.915,1,0,
1771628648,2026-02-20T23:04:08Z,200,279.581,1,0,
1771628653,2026-02-20T23:04:13Z,200,190.483,1,0,
1771628659,2026-02-20T23:04:19Z,200,426.857,1,0,
1771628665,2026-02-20T23:04:25Z,200,447.104,1,0,
1771628670,2026-02-20T23:04:30Z,200,505.057,1,0,
1771628676,2026-02-20T23:04:36Z,200,779.515,1,0,
1771628682,2026-02-20T23:04:42Z,200,339.699,1,0,
1771628688,2026-02-20T23:04:48Z,200,406.783,1,0,
1771628693,2026-02-20T23:04:53Z,200,541.829,1,0,
1771628699,2026-02-20T23:04:59Z,200,285.473,1,0,
1771628705,2026-02-20T23:05:05Z,200,196.515,1,0,
1771628710,2026-02-20T23:05:10Z,200,328.981,1,0,
1771628716,2026-02-20T23:05:16Z,200,375.120,1,0,
1771628721,2026-02-20T23:05:21Z,200,255.506,1,0,
1771628727,2026-02-20T23:05:27Z,200,1014.680,1,0,
1771628733,2026-02-20T23:05:33Z,200,303.422,1,0,
1771628739,2026-02-20T23:05:39Z,200,351.448,1,0,
1771628744,2026-02-20T23:05:44Z,200,467.598,1,0,
1771628750,2026-02-20T23:05:50Z,200,191.932,1,0,
1771628755,2026-02-20T23:05:55Z,200,238.437,1,0,
1771628761,2026-02-20T23:06:01Z,200,179.269,1,0,
1771628766,2026-02-20T23:06:06Z,200,456.485,1,0,
1771628772,2026-02-20T23:06:12Z,200,354.674,1,0,
1771628777,2026-02-20T23:06:17Z,200,642.290,1,0,
1771628783,2026-02-20T23:06:23Z,200,240.267,1,0,
1771628789,2026-02-20T23:06:29Z,200,202.794,1,0,
1771628794,2026-02-20T23:06:34Z,200,642.925,1,0,
1771628800,2026-02-20T23:06:40Z,200,404.191,1,0,
1771628806,2026-02-20T23:06:46Z,200,401.233,1,0,
1771628811,2026-02-20T23:06:51Z,200,220.414,1,0,
1771628817,2026-02-20T23:06:57Z,200,211.819,1,0,
1771628822,2026-02-20T23:07:02Z,200,184.803,1,0,
1771628828,2026-02-20T23:07:08Z,200,256.265,1,0,
1771628833,2026-02-20T23:07:13Z,200,306.489,1,0,
1771628839,2026-02-20T23:07:19Z,200,474.185,1,0,
1771628844,2026-02-20T23:07:25Z,200,456.234,1,0,
1771628850,2026-02-20T23:07:30Z,200,583.805,1,0,
1771628856,2026-02-20T23:07:36Z,200,205.646,1,0,
1771628862,2026-02-20T23:07:42Z,200,736.448,1,0,
1771628868,2026-02-20T23:07:48Z,200,398.203,1,0,
1771628873,2026-02-20T23:07:53Z,200,405.842,1,0,
1771628879,2026-02-20T23:07:59Z,200,306.609,1,0,
1771628884,2026-02-20T23:08:04Z,200,178.400,1,0,
1771628890,2026-02-20T23:08:10Z,200,358.575,1,0,
1771628896,2026-02-20T23:08:16Z,200,493.114,1,0,
1771628901,2026-02-20T23:08:21Z,200,370.578,1,0,
1771628907,2026-02-20T23:08:27Z,200,280.627,1,0,
1771628913,2026-02-20T23:08:33Z,200,650.048,1,0,
1771628918,2026-02-20T23:08:38Z,200,285.467,1,0,
1771628924,2026-02-20T23:08:44Z,200,944.541,1,0,
1771628930,2026-02-20T23:08:50Z,200,267.751,1,0,
1771628936,2026-02-20T23:08:56Z,200,295.334,1,0,
1771628941,2026-02-20T23:09:01Z,200,249.851,1,0,
1771628947,2026-02-20T23:09:07Z,200,194.798,1,0,
1771628952,2026-02-20T23:09:12Z,200,545.429,1,0,
1771628958,2026-02-20T23:09:18Z,200,234.242,1,0,
1771628963,2026-02-20T23:09:23Z,200,297.109,1,0,
1771628969,2026-02-20T23:09:29Z,200,269.281,1,0,
1771628974,2026-02-20T23:09:34Z,200,567.828,1,0,
1771628980,2026-02-20T23:09:40Z,200,371.929,1,0,
1771628986,2026-02-20T23:09:46Z,200,224.825,1,0,
1771628991,2026-02-20T23:09:51Z,200,678.590,1,0,
1771628997,2026-02-20T23:09:57Z,200,353.733,1,0,
1771629003,2026-02-20T23:10:03Z,200,362.302,1,0,
1771629008,2026-02-20T23:10:08Z,200,582.797,1,0,
1771629014,2026-02-20T23:10:14Z,200,395.474,1,0,
1771629020,2026-02-20T23:10:20Z,200,237.967,1,0,
1771629025,2026-02-20T23:10:25Z,200,473.183,1,0,
1771629031,2026-02-20T23:10:31Z,200,359.057,1,0,
1771629037,2026-02-20T23:10:37Z,200,466.175,1,0,
1771629042,2026-02-20T23:10:43Z,200,1511.118,1,0,
1771629049,2026-02-20T23:10:49Z,200,295.269,1,0,
1771629055,2026-02-20T23:10:55Z,200,942.991,1,0,
1771629061,2026-02-20T23:11:01Z,200,299.547,1,0,
1771629067,2026-02-20T23:11:07Z,200,252.733,1,0,
1771629072,2026-02-20T23:11:12Z,200,294.681,1,0,
1771629078,2026-02-20T23:11:18Z,200,645.197,1,0,
1771629084,2026-02-20T23:11:24Z,200,341.129,1,0,
1771629089,2026-02-20T23:11:29Z,200,404.242,1,0,
1771629095,2026-02-20T23:11:35Z,200,187.405,1,0,
1771629100,2026-02-20T23:11:40Z,200,231.632,1,0,
1771629106,2026-02-20T23:11:46Z,200,181.077,1,0,
1771629111,2026-02-20T23:11:51Z,200,316.369,1,0,
1771629117,2026-02-20T23:11:57Z,200,208.743,1,0,
1771629122,2026-02-20T23:12:02Z,200,387.046,1,0,
1771629128,2026-02-20T23:12:08Z,200,505.911,1,0,
1771629134,2026-02-20T23:12:14Z,200,390.435,1,0,
1771629139,2026-02-20T23:12:19Z,200,446.208,1,0,
1771629145,2026-02-20T23:12:25Z,200,244.193,1,0,
1771629150,2026-02-20T23:12:30Z,200,334.209,1,0,
1771629156,2026-02-20T23:12:36Z,200,233.973,1,0,
